request_id,worker_id,st_from,start_time,minutes_to_st1,on_place_time,wait_minutes,start_request_time,st1,st2,path_minutes,end_time
489133,712,Старт,2024-04-24 00:00:00,0,2024-04-24 00:00:00,15,2024-04-24 05:45:00,Комсомольская КЛ,Первомайская,33,2024-04-24 06:18:00
487542,160,Старт,2024-04-24 00:00:00,0,2024-04-24 00:00:00,15,2024-04-24 05:49:47,Белорусская ЗЛ,Комсомольская СЛ,26,2024-04-24 06:16:27
481488,457,Старт,2024-04-24 00:00:00,0,2024-04-24 00:00:00,15,2024-04-24 06:10:00,Киевская КЛ,Молодёжная,29,2024-04-24 06:39:30
480889,945,Старт,2024-04-24 00:00:00,0,2024-04-24 00:00:00,15,2024-04-24 06:20:00,Солнцево,БКЛ Петровский Парк,49,2024-04-24 07:09:30
489050,631,Старт,2024-04-24 00:00:00,0,2024-04-24 00:00:00,15,2024-04-24 06:30:00,Автозаводская,Белорусская ЗЛ,18,2024-04-24 06:48:40
489050,373,Старт,2024-04-24 00:00:00,0,2024-04-24 00:00:00,15,2024-04-24 06:30:00,Автозаводская,Белорусская ЗЛ,18,2024-04-24 06:48:40
488686,774,Старт,2024-04-24 00:00:00,0,2024-04-24 00:00:00,15,2024-04-24 06:30:00,Красногвардейская,Шоссе Энтузиастов,49,2024-04-24 07:19:00
488962,965,Старт,2024-04-24 00:00:00,0,2024-04-24 00:00:00,15,2024-04-24 06:34:51,Калужская,Бабушкинская,43,2024-04-24 07:18:31
488784,712,Первомайская,2024-04-24 06:18:00,29,2024-04-24 06:47:00,-2,2024-04-24 06:45:00,Комсомольская КЛ,Марксистская,18,2024-04-24 07:03:00
488886,269,Старт,2024-04-24 07:00:00,0,2024-04-24 07:00:00,15,2024-04-24 06:46:00,Комсомольская СЛ,Академическая,31,2024-04-24 07:17:30
484238,298,Старт,2024-04-24 07:00:00,0,2024-04-24 07:00:00,15,2024-04-24 06:50:00,Выхино,Павелецкая ЗЛ,39,2024-04-24 07:29:00
487861,133,Старт,2024-04-24 07:00:00,0,2024-04-24 07:00:00,15,2024-04-24 06:50:00,Шоссе Энтузиастов,МЦК Шелепиха,52,2024-04-24 07:42:10
488872,142,Старт,2024-04-24 00:00:00,0,2024-04-24 00:00:00,15,2024-04-24 06:52:00,Павелецкая ЗЛ,МЦК Стрешнево,51,2024-04-24 07:43:30
488872,850,Старт,2024-04-24 00:00:00,0,2024-04-24 00:00:00,15,2024-04-24 06:52:00,Павелецкая ЗЛ,МЦК Стрешнево,51,2024-04-24 07:43:30
488504,203,Старт,2024-04-24 07:00:00,0,2024-04-24 07:00:00,15,2024-04-24 06:55:00,Нижегородская МЦД-4,МЦК Шелепиха,59,2024-04-24 07:54:10
488248,1255,Старт,2024-04-24 07:00:00,0,2024-04-24 07:00:00,15,2024-04-24 07:00:00,Аннино,Белорусская ЗЛ,48,2024-04-24 07:48:40
488365,11,Старт,2024-04-24 07:00:00,0,2024-04-24 07:00:00,15,2024-04-24 07:00:00,Курская АПЛ,Проспект мира КЛ,19,2024-04-24 07:19:00
488648,457,Молодёжная,2024-04-24 06:39:30,0,2024-04-24 06:39:30,20,2024-04-24 07:00:00,Молодёжная,Селигерская,63,2024-04-24 08:03:10
488406,406,Старт,2024-04-24 07:00:00,0,2024-04-24 07:00:00,15,2024-04-24 07:00:00,Волжская,БКЛ Шелепиха,60,2024-04-24 08:00:10
489259,1202,Старт,2024-04-24 07:00:00,0,2024-04-24 07:00:00,15,2024-04-24 07:05:29,Солнцево,Автозаводская,59,2024-04-24 08:04:49
488437,18,Старт,2024-04-24 07:00:00,0,2024-04-24 07:00:00,15,2024-04-24 07:10:00,Преображенская площадь,Проспект мира КЛ,25,2024-04-24 07:35:00
488946,23,Старт,2024-04-24 07:00:00,0,2024-04-24 07:00:00,15,2024-04-24 07:10:00,Царицыно,БКЛ Шелепиха,53,2024-04-24 08:03:40
488871,894,Старт,2024-04-24 00:00:00,0,2024-04-24 00:00:00,15,2024-04-24 07:10:00,Комсомольская СЛ,Новокосино,42,2024-04-24 07:52:30
488871,77,Старт,2024-04-24 00:00:00,0,2024-04-24 00:00:00,15,2024-04-24 07:10:00,Комсомольская СЛ,Новокосино,42,2024-04-24 07:52:30
488871,325,Старт,2024-04-24 00:00:00,0,2024-04-24 00:00:00,15,2024-04-24 07:10:00,Комсомольская СЛ,Новокосино,42,2024-04-24 07:52:30
488871,813,Старт,2024-04-24 00:00:00,0,2024-04-24 00:00:00,15,2024-04-24 07:10:00,Комсомольская СЛ,Новокосино,42,2024-04-24 07:52:30
488871,231,Старт,2024-04-24 00:00:00,0,2024-04-24 00:00:00,15,2024-04-24 07:10:00,Комсомольская СЛ,Новокосино,42,2024-04-24 07:52:30
488966,651,Старт,2024-04-24 07:00:00,0,2024-04-24 07:00:00,15,2024-04-24 07:10:00,Селигерская,БКЛ Сокольники,37,2024-04-24 07:47:00
481251,227,Старт,2024-04-24 00:00:00,0,2024-04-24 00:00:00,15,2024-04-24 07:10:00,Бабушкинская,Парк культуры СЛ,39,2024-04-24 07:49:40
481251,160,Комсомольская СЛ,2024-04-24 06:16:27,30,2024-04-24 06:46:47,23,2024-04-24 07:10:00,Бабушкинская,Парк культуры СЛ,39,2024-04-24 07:49:40
481251,917,Старт,2024-04-24 07:00:00,0,2024-04-24 07:00:00,15,2024-04-24 07:10:00,Бабушкинская,Парк культуры СЛ,39,2024-04-24 07:49:40
481251,788,Старт,2024-04-24 07:00:00,0,2024-04-24 07:00:00,15,2024-04-24 07:10:00,Бабушкинская,Парк культуры СЛ,39,2024-04-24 07:49:40
488821,70,Старт,2024-04-24 07:00:00,0,2024-04-24 07:00:00,15,2024-04-24 07:10:00,Новые Черёмушки,БКЛ Сокольники,42,2024-04-24 07:52:20
478278,642,Старт,2024-04-24 07:00:00,0,2024-04-24 07:00:00,15,2024-04-24 07:13:00,Нижегородская МЦД-4,МЦК Шелепиха,59,2024-04-24 08:12:10
485041,192,Старт,2024-04-24 07:00:00,0,2024-04-24 07:00:00,15,2024-04-24 07:15:00,БКЛ Шелепиха,БКЛ Шелепиха,0,2024-04-24 07:15:00
487748,4,Старт,2024-04-24 07:00:00,0,2024-04-24 07:00:00,15,2024-04-24 07:15:00,Бабушкинская,БКЛ Сокольники,30,2024-04-24 07:45:00
488754,15,Старт,2024-04-24 07:00:00,0,2024-04-24 07:00:00,15,2024-04-24 07:20:00,Комсомольская КЛ,БКЛ Шелепиха,41,2024-04-24 08:01:00
488104,200,Старт,2024-04-24 07:00:00,0,2024-04-24 07:00:00,15,2024-04-24 07:30:00,Ясенево,Новые Черёмушки,17,2024-04-24 07:47:50
488104,131,Старт,2024-04-24 07:00:00,0,2024-04-24 07:00:00,15,2024-04-24 07:30:00,Ясенево,Новые Черёмушки,17,2024-04-24 07:47:50
488104,319,Старт,2024-04-24 07:00:00,0,2024-04-24 07:00:00,15,2024-04-24 07:30:00,Ясенево,Новые Черёмушки,17,2024-04-24 07:47:50
488104,960,Старт,2024-04-24 07:00:00,0,2024-04-24 07:00:00,15,2024-04-24 07:30:00,Ясенево,Новые Черёмушки,17,2024-04-24 07:47:50
488062,123,Старт,2024-04-24 07:00:00,0,2024-04-24 07:00:00,15,2024-04-24 07:30:00,Новоясеневская,Новые Черёмушки,19,2024-04-24 07:49:50
488062,342,Старт,2024-04-24 07:00:00,0,2024-04-24 07:00:00,15,2024-04-24 07:30:00,Новоясеневская,Новые Черёмушки,19,2024-04-24 07:49:50
488062,860,Старт,2024-04-24 07:00:00,0,2024-04-24 07:00:00,15,2024-04-24 07:30:00,Новоясеневская,Новые Черёмушки,19,2024-04-24 07:49:50
488062,74,Старт,2024-04-24 07:00:00,0,2024-04-24 07:00:00,15,2024-04-24 07:30:00,Новоясеневская,Новые Черёмушки,19,2024-04-24 07:49:50
477354,1060,Старт,2024-04-24 07:00:00,0,2024-04-24 07:00:00,15,2024-04-24 07:30:00,Красносельская,Алексеевская,27,2024-04-24 07:57:20
489229,705,Старт,2024-04-24 07:00:00,0,2024-04-24 07:00:00,15,2024-04-24 07:45:00,Комсомольская СЛ,Комсомольская СЛ,0,2024-04-24 07:45:00
487501,305,Старт,2024-04-24 07:00:00,0,2024-04-24 07:00:00,15,2024-04-24 07:45:00,БКЛ Воронцовская,Новые Черёмушки,15,2024-04-24 08:00:20
487501,961,Старт,2024-04-24 07:00:00,0,2024-04-24 07:00:00,15,2024-04-24 07:45:00,БКЛ Воронцовская,Новые Черёмушки,15,2024-04-24 08:00:20
487501,1257,Старт,2024-04-24 07:00:00,0,2024-04-24 07:00:00,15,2024-04-24 07:45:00,БКЛ Воронцовская,Новые Черёмушки,15,2024-04-24 08:00:20
488979,945,БКЛ Петровский Парк,2024-04-24 07:09:30,29,2024-04-24 07:38:50,6,2024-04-24 07:45:00,Алтуфьево,БКЛ Шелепиха,42,2024-04-24 08:27:20
488293,437,Старт,2024-04-24 07:00:00,0,2024-04-24 07:00:00,15,2024-04-24 07:45:00,Солнцево,Раменки,17,2024-04-24 08:02:00
488293,525,Старт,2024-04-24 07:00:00,0,2024-04-24 07:00:00,15,2024-04-24 07:45:00,Солнцево,Раменки,17,2024-04-24 08:02:00
487932,712,Марксистская,2024-04-24 07:03:00,40,2024-04-24 07:43:50,6,2024-04-24 07:50:00,Молодёжная,БКЛ Шелепиха,33,2024-04-24 08:23:50
488515,965,Бабушкинская,2024-04-24 07:18:31,12,2024-04-24 07:30:31,19,2024-04-24 07:50:00,Алексеевская,БКЛ Шелепиха,36,2024-04-24 08:26:00
488692,695,Старт,2024-04-24 07:00:00,0,2024-04-24 07:00:00,15,2024-04-24 07:55:00,Комсомольская КЛ,Белорусская ЗЛ,21,2024-04-24 08:16:00
488692,11,Проспект мира КЛ,2024-04-24 07:19:00,6,2024-04-24 07:25:00,30,2024-04-24 07:55:00,Комсомольская КЛ,Белорусская ЗЛ,21,2024-04-24 08:16:00
488176,774,Шоссе Энтузиастов,2024-04-24 07:19:00,26,2024-04-24 07:45:10,14,2024-04-24 08:00:00,МЦК Новохохловская,МЦК Шелепиха,32,2024-04-24 08:32:10
489110,192,БКЛ Шелепиха,2024-04-24 07:15:00,19,2024-04-24 07:34:00,26,2024-04-24 08:00:00,Студенческая,Новокосино,49,2024-04-24 08:49:40
489109,269,Академическая,2024-04-24 07:17:30,41,2024-04-24 07:59:10,0,2024-04-24 08:00:00,МЦК Шоссе Энтузиастов,Комсомольская СЛ,45,2024-04-24 08:45:30
488988,298,Павелецкая ЗЛ,2024-04-24 07:29:00,19,2024-04-24 07:48:30,21,2024-04-24 08:10:00,Сретенский бульвар,Алексеевская,20,2024-04-24 08:30:50
489230,705,Комсомольская СЛ,2024-04-24 07:45:00,0,2024-04-24 07:45:00,25,2024-04-24 08:10:55,Комсомольская СЛ,Комсомольская СЛ,0,2024-04-24 08:10:55
487882,18,Проспект мира КЛ,2024-04-24 07:35:00,24,2024-04-24 07:59:50,15,2024-04-24 08:15:00,Ленинский проспект,МЦК Шелепиха,29,2024-04-24 08:44:40
488716,1171,Старт,2024-04-24 08:00:00,0,2024-04-24 08:00:00,15,2024-04-24 08:15:00,Щёлковская,Крылатское,51,2024-04-24 09:06:40
488135,631,Белорусская ЗЛ,2024-04-24 06:48:40,46,2024-04-24 07:35:20,49,2024-04-24 08:25:00,Зябликово,Марьино,17,2024-04-24 08:42:10
488135,373,Белорусская ЗЛ,2024-04-24 06:48:40,46,2024-04-24 07:35:20,49,2024-04-24 08:25:00,Зябликово,Марьино,17,2024-04-24 08:42:10
488135,208,Старт,2024-04-24 08:00:00,0,2024-04-24 08:00:00,15,2024-04-24 08:25:00,Зябликово,Марьино,17,2024-04-24 08:42:10
489154,148,Старт,2024-04-24 08:00:00,0,2024-04-24 08:00:00,15,2024-04-24 08:30:00,Одинцово МЦД-1(П),Сетунь МЦД-1,18,2024-04-24 08:48:00
489154,304,Старт,2024-04-24 08:00:00,0,2024-04-24 08:00:00,15,2024-04-24 08:30:00,Одинцово МЦД-1(П),Сетунь МЦД-1,18,2024-04-24 08:48:00
489154,514,Старт,2024-04-24 08:00:00,0,2024-04-24 08:00:00,15,2024-04-24 08:30:00,Одинцово МЦД-1(П),Сетунь МЦД-1,18,2024-04-24 08:48:00
488357,296,Старт,2024-04-24 08:00:00,0,2024-04-24 08:00:00,15,2024-04-24 08:40:00,Пражская,Новые Черёмушки,34,2024-04-24 09:14:20
488357,1216,Старт,2024-04-24 08:00:00,0,2024-04-24 08:00:00,15,2024-04-24 08:40:00,Пражская,Новые Черёмушки,34,2024-04-24 09:14:20
488357,683,Старт,2024-04-24 08:00:00,0,2024-04-24 08:00:00,15,2024-04-24 08:40:00,Пражская,Новые Черёмушки,34,2024-04-24 09:14:20
488357,736,Старт,2024-04-24 08:00:00,0,2024-04-24 08:00:00,15,2024-04-24 08:40:00,Пражская,Новые Черёмушки,34,2024-04-24 09:14:20
488449,1256,Старт,2024-04-24 08:00:00,0,2024-04-24 08:00:00,15,2024-04-24 08:40:00,Партизанская,БКЛ Варшавская,49,2024-04-24 09:29:00
488454,246,Старт,2024-04-24 08:00:00,0,2024-04-24 08:00:00,15,2024-04-24 08:40:00,Партизанская,БКЛ Варшавская,49,2024-04-24 09:29:00
488875,917,Парк культуры СЛ,2024-04-24 07:49:40,10,2024-04-24 07:59:40,44,2024-04-24 08:43:50,Парк культуры КЛ,Марксистская,21,2024-04-24 09:05:40
488875,788,Парк культуры СЛ,2024-04-24 07:49:40,10,2024-04-24 07:59:40,44,2024-04-24 08:43:50,Парк культуры КЛ,Марксистская,21,2024-04-24 09:05:40
488875,35,Старт,2024-04-24 08:00:00,0,2024-04-24 08:00:00,15,2024-04-24 08:43:50,Парк культуры КЛ,Марксистская,21,2024-04-24 09:05:40
488875,1045,Старт,2024-04-24 08:00:00,0,2024-04-24 08:00:00,15,2024-04-24 08:43:50,Парк культуры КЛ,Марксистская,21,2024-04-24 09:05:40
486665,1140,Старт,2024-04-24 08:00:00,0,2024-04-24 08:00:00,15,2024-04-24 08:45:00,Киевская КЛ,Комсомольская СЛ,29,2024-04-24 09:14:20
486665,939,Старт,2024-04-24 08:00:00,0,2024-04-24 08:00:00,15,2024-04-24 08:45:00,Киевская КЛ,Комсомольская СЛ,29,2024-04-24 09:14:20
486665,1253,Старт,2024-04-24 08:00:00,0,2024-04-24 08:00:00,15,2024-04-24 08:45:00,Киевская КЛ,Комсомольская СЛ,29,2024-04-24 09:14:20
486665,1221,Старт,2024-04-24 08:00:00,0,2024-04-24 08:00:00,15,2024-04-24 08:45:00,Киевская КЛ,Комсомольская СЛ,29,2024-04-24 09:14:20
487616,1222,Старт,2024-04-24 08:00:00,0,2024-04-24 08:00:00,15,2024-04-24 08:50:00,Мякинино,Новые Черёмушки,57,2024-04-24 09:47:00
487616,685,Старт,2024-04-24 08:00:00,0,2024-04-24 08:00:00,15,2024-04-24 08:50:00,Мякинино,Новые Черёмушки,57,2024-04-24 09:47:00
487616,608,Старт,2024-04-24 08:00:00,0,2024-04-24 08:00:00,15,2024-04-24 08:50:00,Мякинино,Новые Черёмушки,57,2024-04-24 09:47:00
487616,682,Старт,2024-04-24 08:00:00,0,2024-04-24 08:00:00,15,2024-04-24 08:50:00,Мякинино,Новые Черёмушки,57,2024-04-24 09:47:00
489152,1064,Старт,2024-04-24 08:00:00,0,2024-04-24 08:00:00,15,2024-04-24 08:50:00,Площадь трёх вокзалов МЦД-2,Подольск МЦД-2(П),72,2024-04-24 10:02:00
488952,133,МЦК Шелепиха,2024-04-24 07:42:10,14,2024-04-24 07:56:10,56,2024-04-24 08:52:54,БКЛ Шелепиха,Царицыно,53,2024-04-24 09:46:34
488734,8,Старт,2024-04-24 08:00:00,0,2024-04-24 08:00:00,15,2024-04-24 08:58:00,Белорусская ЗЛ,Павелецкая ЗЛ,15,2024-04-24 09:13:40
488734,1218,Старт,2024-04-24 08:00:00,0,2024-04-24 08:00:00,15,2024-04-24 08:58:00,Белорусская ЗЛ,Павелецкая ЗЛ,15,2024-04-24 09:13:40
488734,187,Старт,2024-04-24 08:00:00,0,2024-04-24 08:00:00,15,2024-04-24 08:58:00,Белорусская ЗЛ,Павелецкая ЗЛ,15,2024-04-24 09:13:40
488734,20,Старт,2024-04-24 08:00:00,0,2024-04-24 08:00:00,15,2024-04-24 08:58:00,Белорусская ЗЛ,Павелецкая ЗЛ,15,2024-04-24 09:13:40
488734,659,Старт,2024-04-24 08:00:00,0,2024-04-24 08:00:00,15,2024-04-24 08:58:00,Белорусская ЗЛ,Павелецкая ЗЛ,15,2024-04-24 09:13:40
488739,64,Старт,2024-04-24 08:00:00,0,2024-04-24 08:00:00,15,2024-04-24 08:58:00,Белорусская ЗЛ,Павелецкая ЗЛ,15,2024-04-24 09:13:40
488739,9,Старт,2024-04-24 08:00:00,0,2024-04-24 08:00:00,15,2024-04-24 08:58:00,Белорусская ЗЛ,Павелецкая ЗЛ,15,2024-04-24 09:13:40
488739,67,Старт,2024-04-24 08:00:00,0,2024-04-24 08:00:00,15,2024-04-24 08:58:00,Белорусская ЗЛ,Павелецкая ЗЛ,15,2024-04-24 09:13:40
482974,177,Старт,2024-04-24 08:00:00,0,2024-04-24 08:00:00,15,2024-04-24 08:58:00,Белорусская ЗЛ,Комсомольская СЛ,26,2024-04-24 09:24:40
482974,182,Старт,2024-04-24 08:00:00,0,2024-04-24 08:00:00,15,2024-04-24 08:58:00,Белорусская ЗЛ,Комсомольская СЛ,26,2024-04-24 09:24:40
482974,69,Старт,2024-04-24 08:00:00,0,2024-04-24 08:00:00,15,2024-04-24 08:58:00,Белорусская ЗЛ,Комсомольская СЛ,26,2024-04-24 09:24:40
488862,1258,Старт,2024-04-24 08:00:00,0,2024-04-24 08:00:00,15,2024-04-24 09:00:00,Тёплый стан,Новые Черёмушки,15,2024-04-24 09:15:00
487995,973,Старт,2024-04-24 08:00:00,0,2024-04-24 08:00:00,15,2024-04-24 09:00:00,Планерная,Полежаевская,19,2024-04-24 09:19:40
487683,297,Старт,2024-04-24 08:00:00,0,2024-04-24 08:00:00,15,2024-04-24 09:00:00,Ховрино,Бульвар Рокоссовского,60,2024-04-24 10:00:00
487625,529,Старт,2024-04-24 08:00:00,0,2024-04-24 08:00:00,15,2024-04-24 09:00:00,Марксистская,Новослободская,25,2024-04-24 09:25:00
487603,1177,Старт,2024-04-24 08:00:00,0,2024-04-24 08:00:00,15,2024-04-24 09:00:00,Коломенская,Бульвар Рокоссовского,48,2024-04-24 09:48:00
488584,24,Старт,2024-04-24 08:00:00,0,2024-04-24 08:00:00,15,2024-04-24 09:00:00,Медведково,Чистые пруды,33,2024-04-24 09:33:50
487482,28,Старт,2024-04-24 08:00:00,0,2024-04-24 08:00:00,15,2024-04-24 09:00:00,Лухмановская,Бульвар Рокоссовского,69,2024-04-24 10:09:00
488674,21,Старт,2024-04-24 08:00:00,0,2024-04-24 08:00:00,15,2024-04-24 09:00:00,Белорусская КЛ,Курская КЛ,17,2024-04-24 09:17:00
488674,1208,Старт,2024-04-24 08:00:00,0,2024-04-24 08:00:00,15,2024-04-24 09:00:00,Белорусская КЛ,Курская КЛ,17,2024-04-24 09:17:00
488674,86,Старт,2024-04-24 08:00:00,0,2024-04-24 08:00:00,15,2024-04-24 09:00:00,Белорусская КЛ,Курская КЛ,17,2024-04-24 09:17:00
488622,131,Новые Черёмушки,2024-04-24 07:47:50,8,2024-04-24 07:56:30,63,2024-04-24 09:00:00,Беляево,Бульвар Рокоссовского,53,2024-04-24 09:53:40
488622,960,Новые Черёмушки,2024-04-24 07:47:50,8,2024-04-24 07:56:30,63,2024-04-24 09:00:00,Беляево,Бульвар Рокоссовского,53,2024-04-24 09:53:40
488622,200,Новые Черёмушки,2024-04-24 07:47:50,8,2024-04-24 07:56:30,63,2024-04-24 09:00:00,Беляево,Бульвар Рокоссовского,53,2024-04-24 09:53:40
488622,319,Новые Черёмушки,2024-04-24 07:47:50,8,2024-04-24 07:56:30,63,2024-04-24 09:00:00,Беляево,Бульвар Рокоссовского,53,2024-04-24 09:53:40
488652,1249,Старт,2024-04-24 08:00:00,0,2024-04-24 08:00:00,15,2024-04-24 09:07:00,Комсомольская КЛ,Третьяковская КРЛ,24,2024-04-24 09:31:20
488652,342,Новые Черёмушки,2024-04-24 07:49:50,33,2024-04-24 08:23:20,43,2024-04-24 09:07:00,Комсомольская КЛ,Третьяковская КРЛ,24,2024-04-24 09:31:20
488652,74,Новые Черёмушки,2024-04-24 07:49:50,33,2024-04-24 08:23:20,43,2024-04-24 09:07:00,Комсомольская КЛ,Третьяковская КРЛ,24,2024-04-24 09:31:20
488575,123,Новые Черёмушки,2024-04-24 07:49:50,31,2024-04-24 08:20:50,49,2024-04-24 09:10:00,Комсомольская СЛ,Павелецкая ЗЛ,26,2024-04-24 09:36:00
488575,860,Новые Черёмушки,2024-04-24 07:49:50,31,2024-04-24 08:20:50,49,2024-04-24 09:10:00,Комсомольская СЛ,Павелецкая ЗЛ,26,2024-04-24 09:36:00
488575,1257,Новые Черёмушки,2024-04-24 08:00:20,31,2024-04-24 08:31:20,38,2024-04-24 09:10:00,Комсомольская СЛ,Павелецкая ЗЛ,26,2024-04-24 09:36:00
488098,437,Раменки,2024-04-24 08:02:00,12,2024-04-24 08:14:00,56,2024-04-24 09:10:00,БКЛ Мичуринский проспект,Новослободская,48,2024-04-24 09:58:40
488098,525,Раменки,2024-04-24 08:02:00,12,2024-04-24 08:14:00,56,2024-04-24 09:10:00,БКЛ Мичуринский проспект,Новослободская,48,2024-04-24 09:58:40
488098,305,Новые Черёмушки,2024-04-24 08:00:20,19,2024-04-24 08:19:40,50,2024-04-24 09:10:00,БКЛ Мичуринский проспект,Новослободская,48,2024-04-24 09:58:40
488098,961,Новые Черёмушки,2024-04-24 08:00:20,19,2024-04-24 08:19:40,50,2024-04-24 09:10:00,БКЛ Мичуринский проспект,Новослободская,48,2024-04-24 09:58:40
489112,236,Старт,2024-04-24 08:00:00,0,2024-04-24 08:00:00,15,2024-04-24 09:10:00,Комсомольская СЛ,Новогиреево,39,2024-04-24 09:49:10
488778,991,Старт,2024-04-24 08:00:00,0,2024-04-24 08:00:00,15,2024-04-24 09:20:00,Пражская,ВДНХ,58,2024-04-24 10:18:50
489128,695,Белорусская ЗЛ,2024-04-24 08:16:00,10,2024-04-24 08:26:00,60,2024-04-24 09:26:23,Новослободская,Кузьминки,36,2024-04-24 10:02:23
489128,529,Новослободская,2024-04-24 09:25:00,0,2024-04-24 09:25:00,1,2024-04-24 09:26:23,Новослободская,Кузьминки,36,2024-04-24 10:02:23
489128,917,Марксистская,2024-04-24 09:05:40,21,2024-04-24 09:26:40,-1,2024-04-24 09:26:23,Новослободская,Кузьминки,36,2024-04-24 10:02:23
489128,1045,Марксистская,2024-04-24 09:05:40,21,2024-04-24 09:26:40,-1,2024-04-24 09:26:23,Новослободская,Кузьминки,36,2024-04-24 10:02:23
488991,709,Старт,2024-04-24 08:00:00,0,2024-04-24 08:00:00,15,2024-04-24 09:30:00,Нахабино МЦД-2(П),Тушинская МЦД-2,33,2024-04-24 10:03:00
488202,3,Старт,2024-04-24 08:00:00,0,2024-04-24 08:00:00,15,2024-04-24 09:30:00,Домодедовская,Измайловская,58,2024-04-24 10:28:00
489146,199,Старт,2024-04-24 08:00:00,0,2024-04-24 08:00:00,15,2024-04-24 09:30:00,ВДНХ,Красные ворота,25,2024-04-24 09:55:20
488037,35,Марксистская,2024-04-24 09:05:40,49,2024-04-24 09:55:00,-25,2024-04-24 09:30:00,Алтуфьево,Марьина Роща,33,2024-04-24 10:03:00
488037,788,Марксистская,2024-04-24 09:05:40,49,2024-04-24 09:55:00,-25,2024-04-24 09:30:00,Алтуфьево,Марьина Роща,33,2024-04-24 10:03:00
488037,208,Марьино,2024-04-24 08:42:10,73,2024-04-24 09:55:30,-26,2024-04-24 09:30:00,Алтуфьево,Марьина Роща,33,2024-04-24 10:03:00
488037,514,Сетунь МЦД-1,2024-04-24 08:48:00,71,2024-04-24 09:59:20,-30,2024-04-24 09:30:00,Алтуфьево,Марьина Роща,33,2024-04-24 10:03:00
488894,187,Павелецкая ЗЛ,2024-04-24 09:13:40,12,2024-04-24 09:25:40,4,2024-04-24 09:30:00,Коломенская,БКЛ Каширская,16,2024-04-24 09:46:00
488894,64,Павелецкая ЗЛ,2024-04-24 09:13:40,12,2024-04-24 09:25:40,4,2024-04-24 09:30:00,Коломенская,БКЛ Каширская,16,2024-04-24 09:46:00
488894,1218,Павелецкая ЗЛ,2024-04-24 09:13:40,12,2024-04-24 09:25:40,4,2024-04-24 09:30:00,Коломенская,БКЛ Каширская,16,2024-04-24 09:46:00
488894,67,Павелецкая ЗЛ,2024-04-24 09:13:40,12,2024-04-24 09:25:40,4,2024-04-24 09:30:00,Коломенская,БКЛ Каширская,16,2024-04-24 09:46:00
488903,9,Павелецкая ЗЛ,2024-04-24 09:13:40,27,2024-04-24 09:41:00,-11,2024-04-24 09:30:00,Новокосино,ВДНХ,43,2024-04-24 10:13:40
488903,8,Павелецкая ЗЛ,2024-04-24 09:13:40,27,2024-04-24 09:41:00,-11,2024-04-24 09:30:00,Новокосино,ВДНХ,43,2024-04-24 10:13:40
488968,1221,Комсомольская СЛ,2024-04-24 09:14:20,0,2024-04-24 09:14:20,15,2024-04-24 09:30:00,Комсомольская СЛ,Спортивная,21,2024-04-24 09:51:10
488968,939,Комсомольская СЛ,2024-04-24 09:14:20,0,2024-04-24 09:14:20,15,2024-04-24 09:30:00,Комсомольская СЛ,Спортивная,21,2024-04-24 09:51:10
489200,296,Новые Черёмушки,2024-04-24 09:14:20,42,2024-04-24 09:56:40,-27,2024-04-24 09:30:00,Рассказовка,Марьино,82,2024-04-24 10:52:10
489200,1216,Новые Черёмушки,2024-04-24 09:14:20,42,2024-04-24 09:56:40,-27,2024-04-24 09:30:00,Рассказовка,Марьино,82,2024-04-24 10:52:10
489200,683,Новые Черёмушки,2024-04-24 09:14:20,42,2024-04-24 09:56:40,-27,2024-04-24 09:30:00,Рассказовка,Марьино,82,2024-04-24 10:52:10
488286,21,Курская КЛ,2024-04-24 09:17:00,19,2024-04-24 09:36:20,3,2024-04-24 09:40:00,Кожуховская,Новогиреево,28,2024-04-24 10:08:20
488286,1208,Курская КЛ,2024-04-24 09:17:00,19,2024-04-24 09:36:20,3,2024-04-24 09:40:00,Кожуховская,Новогиреево,28,2024-04-24 10:08:20
488286,86,Курская КЛ,2024-04-24 09:17:00,19,2024-04-24 09:36:20,3,2024-04-24 09:40:00,Кожуховская,Новогиреево,28,2024-04-24 10:08:20
488829,736,Новые Черёмушки,2024-04-24 09:14:20,19,2024-04-24 09:33:40,6,2024-04-24 09:40:00,БКЛ Варшавская,Академическая,26,2024-04-24 10:06:50
489236,1140,Комсомольская СЛ,2024-04-24 09:14:20,28,2024-04-24 09:42:40,-3,2024-04-24 09:40:00,Свиблово,Баррикадная,35,2024-04-24 10:15:10
489236,1253,Комсомольская СЛ,2024-04-24 09:14:20,28,2024-04-24 09:42:40,-3,2024-04-24 09:40:00,Свиблово,Баррикадная,35,2024-04-24 10:15:10
487160,20,Павелецкая ЗЛ,2024-04-24 09:13:40,38,2024-04-24 09:52:30,-8,2024-04-24 09:45:00,Тропарёво,Достоевская,45,2024-04-24 10:30:10
487160,659,Павелецкая ЗЛ,2024-04-24 09:13:40,38,2024-04-24 09:52:30,-8,2024-04-24 09:45:00,Тропарёво,Достоевская,45,2024-04-24 10:30:10
489103,342,Третьяковская КРЛ,2024-04-24 09:31:20,13,2024-04-24 09:44:50,0,2024-04-24 09:45:00,Академическая,Третьяковская КРЛ,15,2024-04-24 10:00:30
489103,74,Третьяковская КРЛ,2024-04-24 09:31:20,13,2024-04-24 09:44:50,0,2024-04-24 09:45:00,Академическая,Третьяковская КРЛ,15,2024-04-24 10:00:30
487157,148,Сетунь МЦД-1,2024-04-24 08:48:00,66,2024-04-24 09:54:50,-10,2024-04-24 09:45:00,Тропарёво,Достоевская,45,2024-04-24 10:30:10
487157,304,Сетунь МЦД-1,2024-04-24 08:48:00,66,2024-04-24 09:54:50,-10,2024-04-24 09:45:00,Тропарёво,Достоевская,45,2024-04-24 10:30:10
486441,418,Старт,2024-04-24 10:00:00,0,2024-04-24 10:00:00,15,2024-04-24 10:00:00,Домодедовская,Динамо,41,2024-04-24 10:41:40
489228,52,Старт,2024-04-24 08:00:00,0,2024-04-24 08:00:00,15,2024-04-24 10:00:00,Цветной бульвар,Дубровка,25,2024-04-24 10:25:10
488992,245,Старт,2024-04-24 08:00:00,0,2024-04-24 08:00:00,15,2024-04-24 10:00:00,Тушинская МЦД-2,Полежаевская,37,2024-04-24 10:37:30
488606,1215,Старт,2024-04-24 08:00:00,0,2024-04-24 08:00:00,15,2024-04-24 10:00:00,Пражская,Бульвар Дмитрия Донского,12,2024-04-24 10:12:00
487578,647,Старт,2024-04-24 08:00:00,0,2024-04-24 08:00:00,15,2024-04-24 10:00:00,Курская КЛ,Комсомольская КЛ,8,2024-04-24 10:08:00
487874,1249,Третьяковская КРЛ,2024-04-24 09:31:20,50,2024-04-24 10:22:10,-23,2024-04-24 10:00:00,Улица Горчакова,Менделеевская,57,2024-04-24 10:57:10
487874,682,Новые Черёмушки,2024-04-24 09:47:00,36,2024-04-24 10:23:50,-24,2024-04-24 10:00:00,Улица Горчакова,Менделеевская,57,2024-04-24 10:57:10
487874,685,Новые Черёмушки,2024-04-24 09:47:00,36,2024-04-24 10:23:50,-24,2024-04-24 10:00:00,Улица Горчакова,Менделеевская,57,2024-04-24 10:57:10
488237,182,Комсомольская СЛ,2024-04-24 09:24:40,30,2024-04-24 09:55:10,19,2024-04-24 10:15:00,Юго-Западная,Новослободская,40,2024-04-24 10:55:10
488237,69,Комсомольская СЛ,2024-04-24 09:24:40,30,2024-04-24 09:55:10,19,2024-04-24 10:15:00,Юго-Западная,Новослободская,40,2024-04-24 10:55:10
488237,177,Комсомольская СЛ,2024-04-24 09:24:40,30,2024-04-24 09:55:10,19,2024-04-24 10:15:00,Юго-Западная,Новослободская,40,2024-04-24 10:55:10
488864,460,Старт,2024-04-24 08:00:00,0,2024-04-24 08:00:00,15,2024-04-24 10:15:00,Новые Черёмушки,Тёплый стан,15,2024-04-24 10:30:00
488747,79,Старт,2024-04-24 08:00:00,0,2024-04-24 08:00:00,15,2024-04-24 10:15:00,БКЛ Кленовый бульвар,Дубровка,33,2024-04-24 10:48:30
488625,123,Павелецкая ЗЛ,2024-04-24 09:36:00,19,2024-04-24 09:55:00,23,2024-04-24 10:18:48,Римская,Славянский бульвар МЦД-1,63,2024-04-24 11:22:18
489019,4,БКЛ Сокольники,2024-04-24 07:45:00,14,2024-04-24 07:59:00,141,2024-04-24 10:20:00,Преображенская площадь,Дубровка,33,2024-04-24 10:53:30
489067,1148,Старт,2024-04-24 08:00:00,0,2024-04-24 08:00:00,15,2024-04-24 10:20:00,Преображенская площадь,Дубровка,33,2024-04-24 10:53:30
489170,770,Старт,2024-04-24 08:00:00,0,2024-04-24 08:00:00,15,2024-04-24 10:30:00,Сходненская,Измайловская,60,2024-04-24 11:30:20
487960,651,БКЛ Сокольники,2024-04-24 07:47:00,33,2024-04-24 08:20:00,130,2024-04-24 10:30:00,БКЛ Варшавская,Проспект Вернадского,26,2024-04-24 10:56:00
489311,860,Павелецкая ЗЛ,2024-04-24 09:36:00,16,2024-04-24 09:52:40,50,2024-04-24 10:43:17,Китай-город ТКЛ,Печатники,32,2024-04-24 11:15:57
489311,1257,Павелецкая ЗЛ,2024-04-24 09:36:00,16,2024-04-24 09:52:40,50,2024-04-24 10:43:17,Китай-город ТКЛ,Печатники,32,2024-04-24 11:15:57
489311,342,Третьяковская КРЛ,2024-04-24 10:00:30,9,2024-04-24 10:10:10,33,2024-04-24 10:43:17,Китай-город ТКЛ,Печатники,32,2024-04-24 11:15:57
489311,74,Третьяковская КРЛ,2024-04-24 10:00:30,9,2024-04-24 10:10:10,33,2024-04-24 10:43:17,Китай-город ТКЛ,Печатники,32,2024-04-24 11:15:57
489043,203,МЦК Шелепиха,2024-04-24 07:54:10,18,2024-04-24 08:12:50,157,2024-04-24 10:50:00,Кутузовская,Кузьминки,47,2024-04-24 11:37:50
489087,70,БКЛ Сокольники,2024-04-24 07:52:20,29,2024-04-24 08:21:20,156,2024-04-24 10:58:00,Рижская МЦД-2,Павелецкая ЗЛ,0,2024-04-24 11:12:00
489047,1222,Новые Черёмушки,2024-04-24 09:47:00,19,2024-04-24 10:06:20,53,2024-04-24 11:00:00,БКЛ Мичуринский проспект,Воробьёвы горы,22,2024-04-24 11:22:10
489047,608,Новые Черёмушки,2024-04-24 09:47:00,19,2024-04-24 10:06:20,53,2024-04-24 11:00:00,БКЛ Мичуринский проспект,Воробьёвы горы,22,2024-04-24 11:22:10
489045,1221,Спортивная,2024-04-24 09:51:10,24,2024-04-24 10:16:00,44,2024-04-24 11:00:00,Таганская ТКЛ,Котельники,29,2024-04-24 11:29:30
482595,939,Спортивная,2024-04-24 09:51:10,20,2024-04-24 10:11:40,53,2024-04-24 11:05:00,Полянка,Полянка,0,2024-04-24 11:05:00
482595,64,БКЛ Каширская,2024-04-24 09:46:00,29,2024-04-24 10:15:00,50,2024-04-24 11:05:00,Полянка,Полянка,0,2024-04-24 11:05:00
482595,1218,БКЛ Каширская,2024-04-24 09:46:00,29,2024-04-24 10:15:00,50,2024-04-24 11:05:00,Полянка,Полянка,0,2024-04-24 11:05:00
489065,406,БКЛ Шелепиха,2024-04-24 08:00:10,45,2024-04-24 08:45:40,139,2024-04-24 11:05:00,Пыхтино,Таганская ТКЛ,73,2024-04-24 12:18:20
489211,1255,Белорусская ЗЛ,2024-04-24 07:48:40,41,2024-04-24 08:30:00,160,2024-04-24 11:10:00,Яхромская,Улица 1905 года,52,2024-04-24 12:02:00
489113,1060,Алексеевская,2024-04-24 07:57:20,34,2024-04-24 08:31:40,163,2024-04-24 11:15:00,Новогиреево,Шоссе Энтузиастов,10,2024-04-24 11:25:00
489312,1202,Автозаводская,2024-04-24 08:04:49,26,2024-04-24 08:31:09,168,2024-04-24 11:20:00,Дубровка,Цветной бульвар,25,2024-04-24 11:45:10
489201,705,Комсомольская СЛ,2024-04-24 08:10:55,16,2024-04-24 08:27:15,182,2024-04-24 11:30:00,Проспект Мира КРЛ,Проспект мира КЛ,13,2024-04-24 11:43:00
488848,15,БКЛ Шелепиха,2024-04-24 08:01:00,41,2024-04-24 08:42:00,168,2024-04-24 11:30:00,Бульвар Рокоссовского,Арбатская АПЛ,35,2024-04-24 12:05:40
488668,192,Новокосино,2024-04-24 08:49:40,0,2024-04-24 08:49:40,160,2024-04-24 11:30:00,Новокосино,Алексеевская,41,2024-04-24 12:11:40
488918,514,Марьина Роща,2024-04-24 10:03:00,0,2024-04-24 10:03:00,87,2024-04-24 11:30:00,Марьина Роща,БКЛ Марьина Роща,15,2024-04-24 11:45:00
488918,208,Марьина Роща,2024-04-24 10:03:00,0,2024-04-24 10:03:00,87,2024-04-24 11:30:00,Марьина Роща,БКЛ Марьина Роща,15,2024-04-24 11:45:00
488880,23,БКЛ Шелепиха,2024-04-24 08:03:40,32,2024-04-24 08:36:00,184,2024-04-24 11:40:00,Отрадное,Полежаевская,41,2024-04-24 12:21:20
489046,187,БКЛ Каширская,2024-04-24 09:46:00,11,2024-04-24 09:57:00,103,2024-04-24 11:40:00,Кантемировская,Комсомольская СЛ,42,2024-04-24 12:22:00
489046,67,БКЛ Каширская,2024-04-24 09:46:00,11,2024-04-24 09:57:00,103,2024-04-24 11:40:00,Кантемировская,Комсомольская СЛ,42,2024-04-24 12:22:00
488198,9,ВДНХ,2024-04-24 10:13:40,0,2024-04-24 10:13:40,89,2024-04-24 11:43:15,ВДНХ,Павелецкая КЛ,32,2024-04-24 12:15:15
488198,8,ВДНХ,2024-04-24 10:13:40,0,2024-04-24 10:13:40,89,2024-04-24 11:43:15,ВДНХ,Павелецкая КЛ,32,2024-04-24 12:15:15
488198,305,Новослободская,2024-04-24 09:58:40,20,2024-04-24 10:18:40,84,2024-04-24 11:43:15,ВДНХ,Павелецкая КЛ,32,2024-04-24 12:15:15
489068,11,Белорусская ЗЛ,2024-04-24 08:16:00,28,2024-04-24 08:44:50,185,2024-04-24 11:50:00,Дубровка,Преображенская площадь,33,2024-04-24 12:23:30
487937,642,МЦК Шелепиха,2024-04-24 08:12:10,14,2024-04-24 08:26:10,203,2024-04-24 11:50:00,БКЛ Шелепиха,БКЛ Кунцевская,22,2024-04-24 12:12:00
489022,298,Алексеевская,2024-04-24 08:30:50,26,2024-04-24 08:57:40,172,2024-04-24 11:50:00,Дубровка,Преображенская площадь,33,2024-04-24 12:23:30
488594,269,Комсомольская СЛ,2024-04-24 08:45:30,39,2024-04-24 09:24:30,155,2024-04-24 12:00:00,Щёлковская,Бауманская,21,2024-04-24 12:21:00
489249,736,Академическая,2024-04-24 10:06:50,36,2024-04-24 10:43:10,76,2024-04-24 12:00:00,Бульвар Дмитрия Донского,Охотный ряд,47,2024-04-24 12:47:40
489249,961,Новослободская,2024-04-24 09:58:40,46,2024-04-24 10:44:50,75,2024-04-24 12:00:00,Бульвар Дмитрия Донского,Охотный ряд,47,2024-04-24 12:47:40
489249,437,Новослободская,2024-04-24 09:58:40,46,2024-04-24 10:44:50,75,2024-04-24 12:00:00,Бульвар Дмитрия Донского,Охотный ряд,47,2024-04-24 12:47:40
489249,525,Новослободская,2024-04-24 09:58:40,46,2024-04-24 10:44:50,75,2024-04-24 12:00:00,Бульвар Дмитрия Донского,Охотный ряд,47,2024-04-24 12:47:40
489150,917,Кузьминки,2024-04-24 10:02:23,51,2024-04-24 10:53:23,66,2024-04-24 12:00:00,Бульвар Дмитрия Донского,Охотный ряд,47,2024-04-24 12:47:40
489150,1045,Кузьминки,2024-04-24 10:02:23,51,2024-04-24 10:53:23,66,2024-04-24 12:00:00,Бульвар Дмитрия Донского,Охотный ряд,47,2024-04-24 12:47:40
489150,695,Кузьминки,2024-04-24 10:02:23,51,2024-04-24 10:53:23,66,2024-04-24 12:00:00,Бульвар Дмитрия Донского,Охотный ряд,47,2024-04-24 12:47:40
489150,529,Кузьминки,2024-04-24 10:02:23,51,2024-04-24 10:53:23,66,2024-04-24 12:00:00,Бульвар Дмитрия Донского,Охотный ряд,47,2024-04-24 12:47:40
485822,18,МЦК Шелепиха,2024-04-24 08:44:40,43,2024-04-24 09:27:50,152,2024-04-24 12:00:00,ВДНХ,Рязанский проспект,40,2024-04-24 12:40:40
488255,1140,Баррикадная,2024-04-24 10:15:10,21,2024-04-24 10:37:00,83,2024-04-24 12:00:00,Сходненская,Нагатинская,48,2024-04-24 12:48:20
488255,1253,Баррикадная,2024-04-24 10:15:10,21,2024-04-24 10:37:00,83,2024-04-24 12:00:00,Сходненская,Нагатинская,48,2024-04-24 12:48:20
488255,131,Бульвар Рокоссовского,2024-04-24 09:53:40,50,2024-04-24 10:44:20,75,2024-04-24 12:00:00,Сходненская,Нагатинская,48,2024-04-24 12:48:20
488255,200,Бульвар Рокоссовского,2024-04-24 09:53:40,50,2024-04-24 10:44:20,75,2024-04-24 12:00:00,Сходненская,Нагатинская,48,2024-04-24 12:48:20
489143,788,Марьина Роща,2024-04-24 10:03:00,50,2024-04-24 10:53:30,66,2024-04-24 12:00:00,Бульвар Дмитрия Донского,Охотный ряд,47,2024-04-24 12:47:40
489143,35,Марьина Роща,2024-04-24 10:03:00,50,2024-04-24 10:53:30,66,2024-04-24 12:00:00,Бульвар Дмитрия Донского,Охотный ряд,47,2024-04-24 12:47:40
489143,960,Бульвар Рокоссовского,2024-04-24 09:53:40,63,2024-04-24 10:57:20,62,2024-04-24 12:00:00,Бульвар Дмитрия Донского,Охотный ряд,47,2024-04-24 12:47:40
489143,319,Бульвар Рокоссовского,2024-04-24 09:53:40,63,2024-04-24 10:57:20,62,2024-04-24 12:00:00,Бульвар Дмитрия Донского,Охотный ряд,47,2024-04-24 12:47:40
489148,86,Новогиреево,2024-04-24 10:08:20,58,2024-04-24 11:06:20,53,2024-04-24 12:00:00,Бульвар Дмитрия Донского,Охотный ряд,47,2024-04-24 12:47:40
489148,1208,Новогиреево,2024-04-24 10:08:20,58,2024-04-24 11:06:20,53,2024-04-24 12:00:00,Бульвар Дмитрия Донского,Охотный ряд,47,2024-04-24 12:47:40
489148,21,Новогиреево,2024-04-24 10:08:20,58,2024-04-24 11:06:20,53,2024-04-24 12:00:00,Бульвар Дмитрия Донского,Охотный ряд,47,2024-04-24 12:47:40
489148,304,Достоевская,2024-04-24 10:30:10,47,2024-04-24 11:17:50,42,2024-04-24 12:00:00,Бульвар Дмитрия Донского,Охотный ряд,47,2024-04-24 12:47:40
488287,148,Достоевская,2024-04-24 10:30:10,28,2024-04-24 10:58:40,71,2024-04-24 12:10:00,Новогиреево,Тушинская,50,2024-04-24 13:00:00
488287,20,Достоевская,2024-04-24 10:30:10,28,2024-04-24 10:58:40,71,2024-04-24 12:10:00,Новогиреево,Тушинская,50,2024-04-24 13:00:00
488287,659,Достоевская,2024-04-24 10:30:10,28,2024-04-24 10:58:40,71,2024-04-24 12:10:00,Новогиреево,Тушинская,50,2024-04-24 13:00:00
489261,418,Динамо,2024-04-24 10:41:40,18,2024-04-24 11:00:20,69,2024-04-24 12:10:00,Китай-город ТКЛ,Юго-Восточная,38,2024-04-24 12:48:00
488653,182,Новослободская,2024-04-24 10:55:10,21,2024-04-24 11:16:30,58,2024-04-24 12:15:00,Третьяковская КРЛ,Комсомольская КЛ,24,2024-04-24 12:39:20
488653,69,Новослободская,2024-04-24 10:55:10,21,2024-04-24 11:16:30,58,2024-04-24 12:15:00,Третьяковская КРЛ,Комсомольская КЛ,24,2024-04-24 12:39:20
488653,177,Новослободская,2024-04-24 10:55:10,21,2024-04-24 11:16:30,58,2024-04-24 12:15:00,Третьяковская КРЛ,Комсомольская КЛ,24,2024-04-24 12:39:20
488974,1064,Подольск МЦД-2(П),2024-04-24 10:02:00,62,2024-04-24 11:04:00,76,2024-04-24 12:20:00,БКЛ Каширская,Царицыно,17,2024-04-24 12:37:00
488974,683,Марьино,2024-04-24 10:52:10,34,2024-04-24 11:26:20,53,2024-04-24 12:20:00,БКЛ Каширская,Царицыно,17,2024-04-24 12:37:00
488974,1216,Марьино,2024-04-24 10:52:10,34,2024-04-24 11:26:20,53,2024-04-24 12:20:00,БКЛ Каширская,Царицыно,17,2024-04-24 12:37:00
489129,685,Менделеевская,2024-04-24 10:57:10,24,2024-04-24 11:21:40,68,2024-04-24 12:30:00,Октябрьское поле,БКЛ Нижегородская,44,2024-04-24 13:14:20
489129,682,Менделеевская,2024-04-24 10:57:10,24,2024-04-24 11:21:40,68,2024-04-24 12:30:00,Октябрьское поле,БКЛ Нижегородская,44,2024-04-24 13:14:20
489129,1249,Менделеевская,2024-04-24 10:57:10,24,2024-04-24 11:21:40,68,2024-04-24 12:30:00,Октябрьское поле,БКЛ Нижегородская,44,2024-04-24 13:14:20
489202,296,Марьино,2024-04-24 10:52:10,0,2024-04-24 10:52:10,97,2024-04-24 12:30:00,Марьино,Рассказовка,82,2024-04-24 13:52:10
489202,1257,Печатники,2024-04-24 11:15:57,17,2024-04-24 11:33:07,56,2024-04-24 12:30:00,Марьино,Рассказовка,82,2024-04-24 13:52:10
489202,342,Печатники,2024-04-24 11:15:57,17,2024-04-24 11:33:07,56,2024-04-24 12:30:00,Марьино,Рассказовка,82,2024-04-24 13:52:10
489203,973,Полежаевская,2024-04-24 09:19:40,23,2024-04-24 09:42:40,167,2024-04-24 12:30:00,Проспект мира КЛ,Проспект Мира КРЛ,13,2024-04-24 12:43:00
489354,939,Полянка,2024-04-24 11:05:00,19,2024-04-24 11:24:00,66,2024-04-24 12:30:00,Курская КЛ,Павелецкая ЗЛ,19,2024-04-24 12:49:00
489354,1171,Крылатское,2024-04-24 09:06:40,36,2024-04-24 09:43:20,166,2024-04-24 12:30:00,Курская КЛ,Павелецкая ЗЛ,19,2024-04-24 12:49:00
489321,1258,Новые Черёмушки,2024-04-24 09:15:00,36,2024-04-24 09:51:40,162,2024-04-24 12:33:57,МЦК Зорге,МЦК Шоссе Энтузиастов,43,2024-04-24 13:17:47
488831,1218,Полянка,2024-04-24 11:05:00,25,2024-04-24 11:30:00,70,2024-04-24 12:40:00,Академическая,БКЛ Варшавская,26,2024-04-24 13:06:50
488831,64,Полянка,2024-04-24 11:05:00,25,2024-04-24 11:30:00,70,2024-04-24 12:40:00,Академическая,БКЛ Варшавская,26,2024-04-24 13:06:50
488942,1222,Воробьёвы горы,2024-04-24 11:22:10,41,2024-04-24 12:03:40,36,2024-04-24 12:40:00,Водный стадион,Академическая,45,2024-04-24 13:25:10
488942,608,Воробьёвы горы,2024-04-24 11:22:10,41,2024-04-24 12:03:40,36,2024-04-24 12:40:00,Водный стадион,Академическая,45,2024-04-24 13:25:10
488942,208,БКЛ Марьина Роща,2024-04-24 11:45:00,26,2024-04-24 12:11:00,29,2024-04-24 12:40:00,Водный стадион,Академическая,45,2024-04-24 13:25:10
488942,514,БКЛ Марьина Роща,2024-04-24 11:45:00,26,2024-04-24 12:11:00,29,2024-04-24 12:40:00,Водный стадион,Академическая,45,2024-04-24 13:25:10
488776,1254,Старт,2024-04-24 10:00:00,0,2024-04-24 10:00:00,15,2024-04-24 12:45:00,Бабушкинская,Красносельская,36,2024-04-24 13:21:20
488776,746,Старт,2024-04-24 10:00:00,0,2024-04-24 10:00:00,15,2024-04-24 12:45:00,Бабушкинская,Красносельская,36,2024-04-24 13:21:20
488779,24,Чистые пруды,2024-04-24 09:33:50,19,2024-04-24 09:53:40,171,2024-04-24 12:45:00,ВДНХ,БКЛ Шелепиха,38,2024-04-24 13:23:00
487460,85,Старт,2024-04-24 10:00:00,0,2024-04-24 10:00:00,15,2024-04-24 12:45:00,Котельники,Бабушкинская,58,2024-04-24 13:43:10
489260,1256,БКЛ Варшавская,2024-04-24 09:29:00,21,2024-04-24 09:50:00,180,2024-04-24 12:50:00,Автозаводская,Менделеевская,27,2024-04-24 13:17:10
489204,246,БКЛ Варшавская,2024-04-24 09:29:00,39,2024-04-24 10:08:00,166,2024-04-24 12:54:00,Комсомольская КЛ,Проспект Вернадского,40,2024-04-24 13:34:00
489239,74,Печатники,2024-04-24 11:15:57,35,2024-04-24 11:51:07,68,2024-04-24 13:00:00,Баррикадная,Свиблово,35,2024-04-24 13:35:10
489239,860,Печатники,2024-04-24 11:15:57,35,2024-04-24 11:51:07,68,2024-04-24 13:00:00,Баррикадная,Свиблово,35,2024-04-24 13:35:10
488874,1221,Котельники,2024-04-24 11:29:30,33,2024-04-24 12:03:00,57,2024-04-24 13:00:00,Марксистская,Парк культуры КЛ,21,2024-04-24 13:21:50
488874,123,Славянский бульвар МЦД-1,2024-04-24 11:22:18,53,2024-04-24 12:15:38,44,2024-04-24 13:00:00,Марксистская,Парк культуры КЛ,21,2024-04-24 13:21:50
488874,8,Павелецкая КЛ,2024-04-24 12:15:15,11,2024-04-24 12:26:15,33,2024-04-24 13:00:00,Марксистская,Парк культуры КЛ,21,2024-04-24 13:21:50
488874,9,Павелецкая КЛ,2024-04-24 12:15:15,11,2024-04-24 12:26:15,33,2024-04-24 13:00:00,Марксистская,Парк культуры КЛ,21,2024-04-24 13:21:50
488361,305,Павелецкая КЛ,2024-04-24 12:15:15,24,2024-04-24 12:39:45,20,2024-04-24 13:00:00,Новые Черёмушки,Пражская,34,2024-04-24 13:34:20
488361,67,Комсомольская СЛ,2024-04-24 12:22:00,31,2024-04-24 12:53:00,7,2024-04-24 13:00:00,Новые Черёмушки,Пражская,34,2024-04-24 13:34:20
488361,187,Комсомольская СЛ,2024-04-24 12:22:00,31,2024-04-24 12:53:00,7,2024-04-24 13:00:00,Новые Черёмушки,Пражская,34,2024-04-24 13:34:20
488361,1216,Царицыно,2024-04-24 12:37:00,32,2024-04-24 13:09:20,-10,2024-04-24 13:00:00,Новые Черёмушки,Пражская,34,2024-04-24 13:34:20
489270,199,Красные ворота,2024-04-24 09:55:20,32,2024-04-24 10:27:30,152,2024-04-24 13:00:00,Верхние Лихоборы,Алексеевская,42,2024-04-24 13:42:30
489327,236,Новогиреево,2024-04-24 09:49:10,24,2024-04-24 10:13:10,166,2024-04-24 13:00:00,МЦК Шоссе Энтузиастов,Павелецкая ЗЛ,41,2024-04-24 13:41:00
489209,1064,Царицыно,2024-04-24 12:37:00,35,2024-04-24 13:12:10,-3,2024-04-24 13:10:00,Коньково,Третьяковская КРЛ,26,2024-04-24 13:36:30
489209,683,Царицыно,2024-04-24 12:37:00,35,2024-04-24 13:12:10,-3,2024-04-24 13:10:00,Коньково,Третьяковская КРЛ,26,2024-04-24 13:36:30
489209,131,Нагатинская,2024-04-24 12:48:20,30,2024-04-24 13:18:30,-9,2024-04-24 13:10:00,Коньково,Третьяковская КРЛ,26,2024-04-24 13:36:30
489029,1177,Бульвар Рокоссовского,2024-04-24 09:48:00,39,2024-04-24 10:27:50,162,2024-04-24 13:10:00,Студенческая,МЦК Шелепиха,25,2024-04-24 13:35:30
489192,133,Царицыно,2024-04-24 09:46:34,29,2024-04-24 10:15:34,179,2024-04-24 13:15:00,Южная,Митино,67,2024-04-24 14:22:20
489147,297,Бульвар Рокоссовского,2024-04-24 10:00:00,18,2024-04-24 10:18:00,183,2024-04-24 13:21:49,Красные ворота,Проспект мира КЛ,20,2024-04-24 13:41:49
489155,182,Комсомольская КЛ,2024-04-24 12:39:20,60,2024-04-24 13:39:20,-10,2024-04-24 13:30:00,Сетунь МЦД-1,Одинцово МЦД-1(П),18,2024-04-24 13:48:00
489155,177,Комсомольская КЛ,2024-04-24 12:39:20,60,2024-04-24 13:39:20,-10,2024-04-24 13:30:00,Сетунь МЦД-1,Одинцово МЦД-1(П),18,2024-04-24 13:48:00
489155,69,Комсомольская КЛ,2024-04-24 12:39:20,60,2024-04-24 13:39:20,-10,2024-04-24 13:30:00,Сетунь МЦД-1,Одинцово МЦД-1(П),18,2024-04-24 13:48:00
488579,1140,Нагатинская,2024-04-24 12:48:20,19,2024-04-24 13:07:20,22,2024-04-24 13:30:00,Улица Академика Янгеля,Кузьминки,53,2024-04-24 14:23:00
488579,200,Нагатинская,2024-04-24 12:48:20,19,2024-04-24 13:07:20,22,2024-04-24 13:30:00,Улица Академика Янгеля,Кузьминки,53,2024-04-24 14:23:00
488579,1253,Нагатинская,2024-04-24 12:48:20,19,2024-04-24 13:07:20,22,2024-04-24 13:30:00,Улица Академика Янгеля,Кузьминки,53,2024-04-24 14:23:00
488579,1045,Охотный ряд,2024-04-24 12:47:40,39,2024-04-24 13:27:20,2,2024-04-24 13:30:00,Улица Академика Янгеля,Кузьминки,53,2024-04-24 14:23:00
489182,28,Бульвар Рокоссовского,2024-04-24 10:09:00,0,2024-04-24 10:09:00,201,2024-04-24 13:30:00,Бульвар Рокоссовского,Водный стадион,53,2024-04-24 14:23:40
488717,647,Комсомольская КЛ,2024-04-24 10:08:00,36,2024-04-24 10:44:50,165,2024-04-24 13:30:00,Молодёжная,Щёлковская,0,2024-04-24 12:28:00
489158,3,Измайловская,2024-04-24 10:28:00,11,2024-04-24 10:39:00,172,2024-04-24 13:31:00,Электрозаводская,Достоевская,25,2024-04-24 13:56:30
489206,709,Тушинская МЦД-2,2024-04-24 10:03:00,35,2024-04-24 10:38:00,176,2024-04-24 13:34:23,Митино,Говорово,54,2024-04-24 14:28:23
489267,991,ВДНХ,2024-04-24 10:18:50,42,2024-04-24 11:01:20,158,2024-04-24 13:40:00,Селигерская,Смоленская АПЛ,45,2024-04-24 14:25:50
487620,939,Павелецкая ЗЛ,2024-04-24 12:49:00,24,2024-04-24 13:13:00,27,2024-04-24 13:40:00,Новые Черёмушки,Мякинино,57,2024-04-24 14:37:00
487620,917,Охотный ряд,2024-04-24 12:47:40,31,2024-04-24 13:18:40,21,2024-04-24 13:40:00,Новые Черёмушки,Мякинино,57,2024-04-24 14:37:00
487620,35,Охотный ряд,2024-04-24 12:47:40,31,2024-04-24 13:18:40,21,2024-04-24 13:40:00,Новые Черёмушки,Мякинино,57,2024-04-24 14:37:00
487620,695,Охотный ряд,2024-04-24 12:47:40,31,2024-04-24 13:18:40,21,2024-04-24 13:40:00,Новые Черёмушки,Мякинино,57,2024-04-24 14:37:00
487629,52,Дубровка,2024-04-24 10:25:10,20,2024-04-24 10:45:20,174,2024-04-24 13:40:00,Кузьминки,Павелецкая ЗЛ,34,2024-04-24 14:14:00
489044,1215,Бульвар Дмитрия Донского,2024-04-24 10:12:00,51,2024-04-24 11:03:00,167,2024-04-24 13:50:00,Кузьминки,Кутузовская,47,2024-04-24 14:37:50
489116,245,Полежаевская,2024-04-24 10:37:30,26,2024-04-24 11:03:30,176,2024-04-24 14:00:00,Сокол,Автозаводская,26,2024-04-24 14:26:40
487158,319,Охотный ряд,2024-04-24 12:47:40,17,2024-04-24 13:05:20,54,2024-04-24 14:00:00,Цветной бульвар,Тропарёво,42,2024-04-24 14:42:10
487158,960,Охотный ряд,2024-04-24 12:47:40,17,2024-04-24 13:05:20,54,2024-04-24 14:00:00,Цветной бульвар,Тропарёво,42,2024-04-24 14:42:10
488994,460,Тёплый стан,2024-04-24 10:30:00,46,2024-04-24 11:16:10,163,2024-04-24 14:00:00,Полежаевская,Тушинская МЦД-2,37,2024-04-24 14:37:30
489018,1208,Охотный ряд,2024-04-24 12:47:40,46,2024-04-24 13:33:40,26,2024-04-24 14:00:00,Солнцево,Комсомольская СЛ,59,2024-04-24 14:59:00
489018,437,Охотный ряд,2024-04-24 12:47:40,46,2024-04-24 13:33:40,26,2024-04-24 14:00:00,Солнцево,Комсомольская СЛ,59,2024-04-24 14:59:00
489018,788,Охотный ряд,2024-04-24 12:47:40,46,2024-04-24 13:33:40,26,2024-04-24 14:00:00,Солнцево,Комсомольская СЛ,59,2024-04-24 14:59:00
489135,79,Дубровка,2024-04-24 10:48:30,32,2024-04-24 11:20:50,159,2024-04-24 14:00:00,Первомайская,Комсомольская КЛ,33,2024-04-24 14:33:00
487161,961,Охотный ряд,2024-04-24 12:47:40,17,2024-04-24 13:05:20,54,2024-04-24 14:00:00,Цветной бульвар,Тропарёво,42,2024-04-24 14:42:10
487161,736,Охотный ряд,2024-04-24 12:47:40,17,2024-04-24 13:05:20,54,2024-04-24 14:00:00,Цветной бульвар,Тропарёво,42,2024-04-24 14:42:10
488770,304,Охотный ряд,2024-04-24 12:47:40,32,2024-04-24 13:19:40,40,2024-04-24 14:00:00,Новогиреево,Тушинская,50,2024-04-24 14:50:00
489131,529,Охотный ряд,2024-04-24 12:47:40,49,2024-04-24 13:36:50,23,2024-04-24 14:00:00,Марьино,Тушинская,68,2024-04-24 15:08:50
489131,525,Охотный ряд,2024-04-24 12:47:40,49,2024-04-24 13:36:50,23,2024-04-24 14:00:00,Марьино,Тушинская,68,2024-04-24 15:08:50
489131,21,Охотный ряд,2024-04-24 12:47:40,49,2024-04-24 13:36:50,23,2024-04-24 14:00:00,Марьино,Тушинская,68,2024-04-24 15:08:50
489104,86,Охотный ряд,2024-04-24 12:47:40,17,2024-04-24 13:04:40,55,2024-04-24 14:00:00,Третьяковская КРЛ,Академическая,15,2024-04-24 14:15:30
489104,418,Юго-Восточная,2024-04-24 12:48:00,40,2024-04-24 13:28:40,31,2024-04-24 14:00:00,Третьяковская КРЛ,Академическая,15,2024-04-24 14:15:30
489226,1148,Дубровка,2024-04-24 10:53:30,34,2024-04-24 11:28:10,166,2024-04-24 14:15:00,Петровско-Разумовская,Проспект мира КЛ,30,2024-04-24 14:45:50
488523,4,Дубровка,2024-04-24 10:53:30,29,2024-04-24 11:23:00,177,2024-04-24 14:20:00,Преображенская площадь,Курская КЛ,0,2024-04-24 14:12:00
488527,651,Проспект Вернадского,2024-04-24 10:56:00,35,2024-04-24 11:31:00,169,2024-04-24 14:20:00,Преображенская площадь,Курская КЛ,0,2024-04-24 14:13:00
488610,70,Павелецкая ЗЛ,2024-04-24 11:12:00,44,2024-04-24 11:56:00,144,2024-04-24 14:20:00,Бульвар Дмитрия Донского,Пражская,12,2024-04-24 14:32:00
489149,705,Проспект мира КЛ,2024-04-24 11:43:00,0,2024-04-24 11:43:00,162,2024-04-24 14:25:01,Проспект мира КЛ,ВДНХ,20,2024-04-24 14:45:01
484122,659,Тушинская,2024-04-24 13:00:00,6,2024-04-24 13:06:20,83,2024-04-24 14:30:00,Сходненская,Студенческая,43,2024-04-24 15:13:20
484122,148,Тушинская,2024-04-24 13:00:00,6,2024-04-24 13:06:20,83,2024-04-24 14:30:00,Сходненская,Студенческая,43,2024-04-24 15:13:20
484122,20,Тушинская,2024-04-24 13:00:00,6,2024-04-24 13:06:20,83,2024-04-24 14:30:00,Сходненская,Студенческая,43,2024-04-24 15:13:20
488926,682,БКЛ Нижегородская,2024-04-24 13:14:20,21,2024-04-24 13:35:20,54,2024-04-24 14:30:00,БКЛ Марьина Роща,Марьина Роща,15,2024-04-24 14:45:00
488926,1249,БКЛ Нижегородская,2024-04-24 13:14:20,21,2024-04-24 13:35:20,54,2024-04-24 14:30:00,БКЛ Марьина Роща,Марьина Роща,15,2024-04-24 14:45:00
488657,685,БКЛ Нижегородская,2024-04-24 13:14:20,14,2024-04-24 13:28:20,61,2024-04-24 14:30:00,Текстильщики,Студенческая,42,2024-04-24 15:12:00
488657,64,БКЛ Варшавская,2024-04-24 13:06:50,26,2024-04-24 13:32:50,57,2024-04-24 14:30:00,Текстильщики,Студенческая,42,2024-04-24 15:12:00
488657,1218,БКЛ Варшавская,2024-04-24 13:06:50,26,2024-04-24 13:32:50,57,2024-04-24 14:30:00,Текстильщики,Студенческая,42,2024-04-24 15:12:00
489289,1060,Шоссе Энтузиастов,2024-04-24 11:25:00,26,2024-04-24 11:51:30,158,2024-04-24 14:30:00,Академическая,Павелецкая ЗЛ,24,2024-04-24 14:54:30
488996,1202,Цветной бульвар,2024-04-24 11:45:10,50,2024-04-24 12:35:10,114,2024-04-24 14:30:00,Тушинская МЦД-2,Нахабино МЦД-2(П),33,2024-04-24 15:03:00
489288,203,Кузьминки,2024-04-24 11:37:50,25,2024-04-24 12:02:50,147,2024-04-24 14:30:00,Некрасовка,МЦК Соколиная Гора,0,2024-04-24 14:27:00
488370,770,Измайловская,2024-04-24 11:30:20,29,2024-04-24 11:59:20,150,2024-04-24 14:30:00,Проспект мира КЛ,Курская КЛ,11,2024-04-24 14:41:00
489033,1255,Улица 1905 года,2024-04-24 12:02:00,28,2024-04-24 12:30:30,129,2024-04-24 14:40:00,Рязанский проспект,Алексеевская,38,2024-04-24 15:18:40
489194,15,Арбатская АПЛ,2024-04-24 12:05:40,23,2024-04-24 12:29:10,130,2024-04-24 14:40:00,Университет,Южная,37,2024-04-24 15:17:50
488750,406,Таганская ТКЛ,2024-04-24 12:18:20,13,2024-04-24 12:31:30,133,2024-04-24 14:45:00,Дубровка,БКЛ Кленовый бульвар,33,2024-04-24 15:18:30
489250,1221,Парк культуры КЛ,2024-04-24 13:21:50,15,2024-04-24 13:37:10,82,2024-04-24 15:00:00,Охотный ряд,Павелецкая ЗЛ,19,2024-04-24 15:19:00
489250,9,Парк культуры КЛ,2024-04-24 13:21:50,15,2024-04-24 13:37:10,82,2024-04-24 15:00:00,Охотный ряд,Павелецкая ЗЛ,19,2024-04-24 15:19:00
489250,8,Парк культуры КЛ,2024-04-24 13:21:50,15,2024-04-24 13:37:10,82,2024-04-24 15:00:00,Охотный ряд,Павелецкая ЗЛ,19,2024-04-24 15:19:00
489250,123,Парк культуры КЛ,2024-04-24 13:21:50,15,2024-04-24 13:37:10,82,2024-04-24 15:00:00,Охотный ряд,Павелецкая ЗЛ,19,2024-04-24 15:19:00
487735,860,Свиблово,2024-04-24 13:35:10,8,2024-04-24 13:43:10,76,2024-04-24 15:00:00,ВДНХ,Беговая,34,2024-04-24 15:34:00
487735,74,Свиблово,2024-04-24 13:35:10,8,2024-04-24 13:43:10,76,2024-04-24 15:00:00,ВДНХ,Беговая,34,2024-04-24 15:34:00
487735,208,Академическая,2024-04-24 13:25:10,28,2024-04-24 13:54:00,66,2024-04-24 15:00:00,ВДНХ,Беговая,34,2024-04-24 15:34:00
487735,608,Академическая,2024-04-24 13:25:10,28,2024-04-24 13:54:00,66,2024-04-24 15:00:00,ВДНХ,Беговая,34,2024-04-24 15:34:00
489403,1222,Академическая,2024-04-24 13:25:10,48,2024-04-24 14:13:10,46,2024-04-24 15:00:00,Коммунарка,Арбатская АПЛ,52,2024-04-24 15:52:30
489403,514,Академическая,2024-04-24 13:25:10,48,2024-04-24 14:13:10,46,2024-04-24 15:00:00,Коммунарка,Арбатская АПЛ,52,2024-04-24 15:52:30
489156,131,Третьяковская КРЛ,2024-04-24 13:36:30,13,2024-04-24 13:50:00,70,2024-04-24 15:00:00,Академическая,Чистые пруды,28,2024-04-24 15:28:00
489156,1064,Третьяковская КРЛ,2024-04-24 13:36:30,13,2024-04-24 13:50:00,70,2024-04-24 15:00:00,Академическая,Чистые пруды,28,2024-04-24 15:28:00
489156,683,Третьяковская КРЛ,2024-04-24 13:36:30,13,2024-04-24 13:50:00,70,2024-04-24 15:00:00,Академическая,Чистые пруды,28,2024-04-24 15:28:00
489156,305,Пражская,2024-04-24 13:34:20,31,2024-04-24 14:06:10,53,2024-04-24 15:00:00,Академическая,Чистые пруды,28,2024-04-24 15:28:00
489153,187,Пражская,2024-04-24 13:34:20,38,2024-04-24 14:12:20,47,2024-04-24 15:00:00,Театральная,Комсомольская СЛ,21,2024-04-24 15:21:00
489153,67,Пражская,2024-04-24 13:34:20,38,2024-04-24 14:12:20,47,2024-04-24 15:00:00,Театральная,Комсомольская СЛ,21,2024-04-24 15:21:00
489153,1216,Пражская,2024-04-24 13:34:20,38,2024-04-24 14:12:20,47,2024-04-24 15:00:00,Театральная,Комсомольская СЛ,21,2024-04-24 15:21:00
489153,86,Академическая,2024-04-24 14:15:30,21,2024-04-24 14:37:00,23,2024-04-24 15:00:00,Театральная,Комсомольская СЛ,21,2024-04-24 15:21:00
489151,418,Академическая,2024-04-24 14:15:30,21,2024-04-24 14:37:00,23,2024-04-24 15:00:00,Театральная,Павелецкая ЗЛ,10,2024-04-24 15:10:00
489151,342,Рассказовка,2024-04-24 13:52:10,51,2024-04-24 14:43:30,16,2024-04-24 15:00:00,Театральная,Павелецкая ЗЛ,10,2024-04-24 15:10:00
489151,1257,Рассказовка,2024-04-24 13:52:10,51,2024-04-24 14:43:30,16,2024-04-24 15:00:00,Театральная,Павелецкая ЗЛ,10,2024-04-24 15:10:00
489151,296,Рассказовка,2024-04-24 13:52:10,51,2024-04-24 14:43:30,16,2024-04-24 15:00:00,Театральная,Павелецкая ЗЛ,10,2024-04-24 15:10:00
489145,1140,Кузьминки,2024-04-24 14:23:00,28,2024-04-24 14:51:00,9,2024-04-24 15:00:00,Театральная,Комсомольская СЛ,21,2024-04-24 15:21:00
489145,200,Кузьминки,2024-04-24 14:23:00,28,2024-04-24 14:51:00,9,2024-04-24 15:00:00,Театральная,Комсомольская СЛ,21,2024-04-24 15:21:00
488139,1045,Кузьминки,2024-04-24 14:23:00,39,2024-04-24 15:02:10,-3,2024-04-24 15:00:00,Марьино,Зябликово,17,2024-04-24 15:17:10
488139,1253,Кузьминки,2024-04-24 14:23:00,39,2024-04-24 15:02:10,-3,2024-04-24 15:00:00,Марьино,Зябликово,17,2024-04-24 15:17:10
488139,682,Марьина Роща,2024-04-24 14:45:00,47,2024-04-24 15:32:20,-33,2024-04-24 15:00:00,Марьино,Зябликово,17,2024-04-24 15:17:10
488443,192,Алексеевская,2024-04-24 12:11:40,14,2024-04-24 12:25:40,154,2024-04-24 15:00:00,Проспект мира КЛ,Преображенская площадь,25,2024-04-24 15:25:00
489172,269,Бауманская,2024-04-24 12:21:00,14,2024-04-24 12:35:00,145,2024-04-24 15:00:00,Измайловская,Сходненская,60,2024-04-24 16:00:20
489212,23,Полежаевская,2024-04-24 12:21:20,7,2024-04-24 12:28:20,151,2024-04-24 15:00:00,Улица 1905 года,Яхромская,52,2024-04-24 15:52:00
489284,182,Одинцово МЦД-1(П),2024-04-24 13:48:00,93,2024-04-24 15:21:50,-22,2024-04-24 15:00:00,Котельники,Бауманская,50,2024-04-24 15:50:30
489284,177,Одинцово МЦД-1(П),2024-04-24 13:48:00,93,2024-04-24 15:21:50,-22,2024-04-24 15:00:00,Котельники,Бауманская,50,2024-04-24 15:50:30
488881,642,БКЛ Кунцевская,2024-04-24 12:12:00,23,2024-04-24 12:35:00,145,2024-04-24 15:00:00,Полежаевская,Отрадное,41,2024-04-24 15:41:20
489177,1171,Павелецкая ЗЛ,2024-04-24 12:49:00,36,2024-04-24 13:25:00,95,2024-04-24 15:00:00,Зябликово,Шипиловская,11,2024-04-24 15:11:50
480915,11,Преображенская площадь,2024-04-24 12:23:30,26,2024-04-24 12:49:30,140,2024-04-24 15:10:00,БКЛ Петровский Парк,Солнцево,49,2024-04-24 15:59:30
477370,973,Проспект Мира КРЛ,2024-04-24 12:43:00,8,2024-04-24 12:51:00,139,2024-04-24 15:10:00,Алексеевская,Красносельская,27,2024-04-24 15:37:20
489376,298,Преображенская площадь,2024-04-24 12:23:30,15,2024-04-24 12:38:50,158,2024-04-24 15:16:52,Лубянка,Щёлковская,41,2024-04-24 15:58:12
488972,304,Тушинская,2024-04-24 14:50:00,6,2024-04-24 14:56:20,33,2024-04-24 15:30:00,Сходненская,Планерная,6,2024-04-24 15:36:50
489051,736,Тропарёво,2024-04-24 14:42:10,15,2024-04-24 14:57:10,32,2024-04-24 15:30:00,Воробьёвы горы,Воробьёвы горы,0,2024-04-24 15:58:00
489051,960,Тропарёво,2024-04-24 14:42:10,15,2024-04-24 14:57:10,32,2024-04-24 15:30:00,Воробьёвы горы,Воробьёвы горы,0,2024-04-24 15:58:00
489208,18,Рязанский проспект,2024-04-24 12:40:40,42,2024-04-24 13:22:40,127,2024-04-24 15:30:00,Орехово,Полежаевская,48,2024-04-24 16:18:30
488298,69,Одинцово МЦД-1(П),2024-04-24 13:48:00,67,2024-04-24 14:55:40,34,2024-04-24 15:30:00,Раменки,Солнцево,17,2024-04-24 15:47:00
488298,319,Тропарёво,2024-04-24 14:42:10,26,2024-04-24 15:09:00,21,2024-04-24 15:30:00,Раменки,Солнцево,17,2024-04-24 15:47:00
489076,961,Тропарёво,2024-04-24 14:42:10,39,2024-04-24 15:22:00,8,2024-04-24 15:30:00,Улица Академика Янгеля,Щёлковская,63,2024-04-24 16:33:00
489076,1249,Марьина Роща,2024-04-24 14:45:00,46,2024-04-24 15:31:30,-2,2024-04-24 15:30:00,Улица Академика Янгеля,Щёлковская,63,2024-04-24 16:33:00
489076,917,Мякинино,2024-04-24 14:37:00,62,2024-04-24 15:39:40,-10,2024-04-24 15:30:00,Улица Академика Янгеля,Щёлковская,63,2024-04-24 16:33:00
488989,647,Щёлковская,2024-04-24 12:28:00,43,2024-04-24 13:11:00,139,2024-04-24 15:30:00,Алексеевская,Зябликово,62,2024-04-24 16:32:20
487162,788,Комсомольская СЛ,2024-04-24 14:59:00,22,2024-04-24 15:21:40,15,2024-04-24 15:37:00,Белорусская ЗЛ,ВДНХ,33,2024-04-24 16:10:00
487162,437,Комсомольская СЛ,2024-04-24 14:59:00,22,2024-04-24 15:21:40,15,2024-04-24 15:37:00,Белорусская ЗЛ,ВДНХ,33,2024-04-24 16:10:00
487162,1208,Комсомольская СЛ,2024-04-24 14:59:00,22,2024-04-24 15:21:40,15,2024-04-24 15:37:00,Белорусская ЗЛ,ВДНХ,33,2024-04-24 16:10:00
489048,342,Павелецкая ЗЛ,2024-04-24 15:10:00,13,2024-04-24 15:23:40,13,2024-04-24 15:37:00,Белорусская ЗЛ,ВДНХ,33,2024-04-24 16:10:00
489048,418,Павелецкая ЗЛ,2024-04-24 15:10:00,13,2024-04-24 15:23:40,13,2024-04-24 15:37:00,Белорусская ЗЛ,ВДНХ,33,2024-04-24 16:10:00
489048,296,Павелецкая ЗЛ,2024-04-24 15:10:00,13,2024-04-24 15:23:40,13,2024-04-24 15:37:00,Белорусская ЗЛ,ВДНХ,33,2024-04-24 16:10:00
489048,1257,Павелецкая ЗЛ,2024-04-24 15:10:00,13,2024-04-24 15:23:40,13,2024-04-24 15:37:00,Белорусская ЗЛ,ВДНХ,33,2024-04-24 16:10:00
487168,939,Мякинино,2024-04-24 14:37:00,50,2024-04-24 15:27:20,9,2024-04-24 15:37:00,Белорусская ЗЛ,ВДНХ,33,2024-04-24 16:10:00
487168,695,Мякинино,2024-04-24 14:37:00,50,2024-04-24 15:27:20,9,2024-04-24 15:37:00,Белорусская ЗЛ,ВДНХ,33,2024-04-24 16:10:00
487168,35,Мякинино,2024-04-24 14:37:00,50,2024-04-24 15:27:20,9,2024-04-24 15:37:00,Белорусская ЗЛ,ВДНХ,33,2024-04-24 16:10:00
489415,9,Павелецкая ЗЛ,2024-04-24 15:19:00,13,2024-04-24 15:32:40,4,2024-04-24 15:37:00,Белорусская ЗЛ,ВДНХ,33,2024-04-24 16:10:00
489415,8,Павелецкая ЗЛ,2024-04-24 15:19:00,13,2024-04-24 15:32:40,4,2024-04-24 15:37:00,Белорусская ЗЛ,ВДНХ,33,2024-04-24 16:10:00
489415,1221,Павелецкая ЗЛ,2024-04-24 15:19:00,13,2024-04-24 15:32:40,4,2024-04-24 15:37:00,Белорусская ЗЛ,ВДНХ,33,2024-04-24 16:10:00
489415,123,Павелецкая ЗЛ,2024-04-24 15:19:00,13,2024-04-24 15:32:40,4,2024-04-24 15:37:00,Белорусская ЗЛ,ВДНХ,33,2024-04-24 16:10:00
489159,529,Тушинская,2024-04-24 15:08:50,6,2024-04-24 15:15:10,24,2024-04-24 15:40:00,Сходненская,Охотный ряд,38,2024-04-24 16:18:00
489159,525,Тушинская,2024-04-24 15:08:50,6,2024-04-24 15:15:10,24,2024-04-24 15:40:00,Сходненская,Охотный ряд,38,2024-04-24 16:18:00
488858,1256,Менделеевская,2024-04-24 13:17:10,25,2024-04-24 13:42:10,122,2024-04-24 15:45:00,ВДНХ,Полежаевская,36,2024-04-24 16:21:10
489078,246,Проспект Вернадского,2024-04-24 13:34:00,38,2024-04-24 14:12:00,93,2024-04-24 15:45:00,Бульвар Дмитрия Донского,ВДНХ,65,2024-04-24 16:50:50
488497,199,Алексеевская,2024-04-24 13:42:30,0,2024-04-24 13:42:30,122,2024-04-24 15:45:00,Алексеевская,Свиблово,12,2024-04-24 15:57:00
489034,1254,Красносельская,2024-04-24 13:21:20,23,2024-04-24 13:44:40,130,2024-04-24 15:55:00,Алексеевская,Новослободская,22,2024-04-24 16:17:00
489388,746,Красносельская,2024-04-24 13:21:20,47,2024-04-24 14:08:30,111,2024-04-24 16:00:00,Физтех,Улица 1905 года,58,2024-04-24 16:58:00
488964,24,БКЛ Шелепиха,2024-04-24 13:23:00,45,2024-04-24 14:08:20,111,2024-04-24 16:00:00,Беляево,Беляево,0,2024-04-24 16:00:00
488203,1258,МЦК Шоссе Энтузиастов,2024-04-24 13:17:47,31,2024-04-24 13:49:07,130,2024-04-24 16:00:00,Измайловская,Домодедовская,58,2024-04-24 16:58:00
489304,682,Зябликово,2024-04-24 15:17:10,29,2024-04-24 15:46:30,13,2024-04-24 16:00:00,Печатники,Крестьянская застава,19,2024-04-24 16:19:40
489304,1253,Зябликово,2024-04-24 15:17:10,29,2024-04-24 15:46:30,13,2024-04-24 16:00:00,Печатники,Крестьянская застава,19,2024-04-24 16:19:40
489304,1045,Зябликово,2024-04-24 15:17:10,29,2024-04-24 15:46:30,13,2024-04-24 16:00:00,Печатники,Крестьянская застава,19,2024-04-24 16:19:40
489101,297,Проспект мира КЛ,2024-04-24 13:41:49,34,2024-04-24 14:15:49,104,2024-04-24 16:00:00,Щёлковская,ВДНХ,51,2024-04-24 16:51:00
489271,236,Павелецкая ЗЛ,2024-04-24 13:41:00,17,2024-04-24 13:58:00,122,2024-04-24 16:00:00,Таганская ТКЛ,Павелецкая ЗЛ,23,2024-04-24 16:23:00
489219,85,Бабушкинская,2024-04-24 13:43:10,31,2024-04-24 14:14:50,105,2024-04-24 16:00:00,Пролетарская,Полежаевская,22,2024-04-24 16:22:30
489070,3,Достоевская,2024-04-24 13:56:30,21,2024-04-24 14:18:20,106,2024-04-24 16:05:00,Селигерская,ВДНХ,46,2024-04-24 16:51:30
489095,1177,МЦК Шелепиха,2024-04-24 13:35:30,58,2024-04-24 14:33:50,91,2024-04-24 16:05:00,Щёлковская,ВДНХ,51,2024-04-24 16:56:00
489090,4,Курская КЛ,2024-04-24 14:12:00,36,2024-04-24 14:48:00,77,2024-04-24 16:05:00,Волжская,ВДНХ,51,2024-04-24 16:56:30
489081,70,Пражская,2024-04-24 14:32:00,8,2024-04-24 14:40:00,85,2024-04-24 16:05:00,Чертановская,ВДНХ,53,2024-04-24 16:58:50
489083,651,Курская КЛ,2024-04-24 14:13:00,32,2024-04-24 14:45:00,80,2024-04-24 16:05:00,Чертановская,ВДНХ,53,2024-04-24 16:58:50
489210,685,Студенческая,2024-04-24 15:12:00,22,2024-04-24 15:34:50,35,2024-04-24 16:10:00,Третьяковская КРЛ,Тёплый стан,29,2024-04-24 16:39:00
489210,64,Студенческая,2024-04-24 15:12:00,22,2024-04-24 15:34:50,35,2024-04-24 16:10:00,Третьяковская КРЛ,Тёплый стан,29,2024-04-24 16:39:00
489210,1218,Студенческая,2024-04-24 15:12:00,22,2024-04-24 15:34:50,35,2024-04-24 16:10:00,Третьяковская КРЛ,Тёплый стан,29,2024-04-24 16:39:00
489085,52,Павелецкая ЗЛ,2024-04-24 14:14:00,28,2024-04-24 14:42:00,88,2024-04-24 16:10:00,Нахимовский проспект,ВДНХ,49,2024-04-24 16:59:50
489272,991,Смоленская АПЛ,2024-04-24 14:25:50,13,2024-04-24 14:39:10,90,2024-04-24 16:10:00,Студенческая,МЦК Шелепиха,25,2024-04-24 16:35:30
488580,21,Тушинская,2024-04-24 15:08:50,39,2024-04-24 15:47:50,27,2024-04-24 16:15:00,Кузьминки,Улица Академика Янгеля,53,2024-04-24 17:08:00
488580,1216,Комсомольская СЛ,2024-04-24 15:21:00,30,2024-04-24 15:51:20,23,2024-04-24 16:15:00,Кузьминки,Улица Академика Янгеля,53,2024-04-24 17:08:00
488580,1140,Комсомольская СЛ,2024-04-24 15:21:00,30,2024-04-24 15:51:20,23,2024-04-24 16:15:00,Кузьминки,Улица Академика Янгеля,53,2024-04-24 17:08:00
488580,67,Комсомольская СЛ,2024-04-24 15:21:00,30,2024-04-24 15:51:20,23,2024-04-24 16:15:00,Кузьминки,Улица Академика Янгеля,53,2024-04-24 17:08:00
488041,187,Комсомольская СЛ,2024-04-24 15:21:00,20,2024-04-24 15:41:10,33,2024-04-24 16:15:00,Марьина Роща,Алтуфьево,33,2024-04-24 16:48:00
488041,86,Комсомольская СЛ,2024-04-24 15:21:00,20,2024-04-24 15:41:10,33,2024-04-24 16:15:00,Марьина Роща,Алтуфьево,33,2024-04-24 16:48:00
488041,200,Комсомольская СЛ,2024-04-24 15:21:00,20,2024-04-24 15:41:10,33,2024-04-24 16:15:00,Марьина Роща,Алтуфьево,33,2024-04-24 16:48:00
488041,131,Чистые пруды,2024-04-24 15:28:00,16,2024-04-24 15:44:40,30,2024-04-24 16:15:00,Марьина Роща,Алтуфьево,33,2024-04-24 16:48:00
489378,79,Комсомольская КЛ,2024-04-24 14:33:00,24,2024-04-24 14:57:00,83,2024-04-24 16:20:00,Бульвар Рокоссовского,Аэропорт Внуково,84,2024-04-24 17:44:00
489072,28,Водный стадион,2024-04-24 14:23:40,40,2024-04-24 15:04:00,76,2024-04-24 16:20:00,Отрадное,ВДНХ,42,2024-04-24 17:02:00
489118,245,Автозаводская,2024-04-24 14:26:40,30,2024-04-24 14:56:40,93,2024-04-24 16:30:00,Алма-Атинская,Свиблово,64,2024-04-24 17:34:20
489119,770,Курская КЛ,2024-04-24 14:41:00,45,2024-04-24 15:26:00,64,2024-04-24 16:30:00,Алма-Атинская,Свиблово,64,2024-04-24 17:34:20
487468,148,Студенческая,2024-04-24 15:13:20,40,2024-04-24 15:53:40,36,2024-04-24 16:30:00,Новогиреево,БКЛ Новаторская,52,2024-04-24 17:22:20
487468,20,Студенческая,2024-04-24 15:13:20,40,2024-04-24 15:53:40,36,2024-04-24 16:30:00,Новогиреево,БКЛ Новаторская,52,2024-04-24 17:22:20
489334,659,Студенческая,2024-04-24 15:13:20,24,2024-04-24 15:37:40,52,2024-04-24 16:30:00,Спортивная,Новогиреево,46,2024-04-24 17:16:40
489334,683,Чистые пруды,2024-04-24 15:28:00,15,2024-04-24 15:43:40,46,2024-04-24 16:30:00,Спортивная,Новогиреево,46,2024-04-24 17:16:40
489334,305,Чистые пруды,2024-04-24 15:28:00,15,2024-04-24 15:43:40,46,2024-04-24 16:30:00,Спортивная,Новогиреево,46,2024-04-24 17:16:40
489334,1064,Чистые пруды,2024-04-24 15:28:00,15,2024-04-24 15:43:40,46,2024-04-24 16:30:00,Спортивная,Новогиреево,46,2024-04-24 17:16:40
489227,1148,Проспект мира КЛ,2024-04-24 14:45:50,0,2024-04-24 14:45:50,104,2024-04-24 16:30:00,Проспект мира КЛ,Петровско-Разумовская,30,2024-04-24 17:00:50
489092,203,МЦК Соколиная Гора,2024-04-24 14:27:00,36,2024-04-24 15:03:20,86,2024-04-24 16:30:00,Пролетарская,ВДНХ,28,2024-04-24 16:58:40
488973,304,Планерная,2024-04-24 15:36:50,0,2024-04-24 15:36:50,53,2024-04-24 16:30:00,Планерная,Сходненская,6,2024-04-24 16:36:50
489169,208,Беговая,2024-04-24 15:34:00,17,2024-04-24 15:51:20,48,2024-04-24 16:40:00,Цветной бульвар,Серпуховская,14,2024-04-24 16:54:00
489169,74,Беговая,2024-04-24 15:34:00,17,2024-04-24 15:51:20,48,2024-04-24 16:40:00,Цветной бульвар,Серпуховская,14,2024-04-24 16:54:00
489269,1215,Кутузовская,2024-04-24 14:37:50,27,2024-04-24 15:05:10,94,2024-04-24 16:40:00,Полежаевская,Щёлковская,52,2024-04-24 17:32:30
489111,1060,Павелецкая ЗЛ,2024-04-24 14:54:30,27,2024-04-24 15:21:50,83,2024-04-24 16:45:00,Новокосино,Студенческая,49,2024-04-24 17:34:40
488521,709,Говорово,2024-04-24 14:28:23,33,2024-04-24 15:01:53,103,2024-04-24 16:45:00,БКЛ Шелепиха,Алексеевская,36,2024-04-24 17:21:00
487609,705,ВДНХ,2024-04-24 14:45:01,36,2024-04-24 15:21:01,88,2024-04-24 16:50:00,Бульвар Рокоссовского,Коломенская,48,2024-04-24 17:38:00
488000,460,Тушинская МЦД-2,2024-04-24 14:37:30,33,2024-04-24 15:11:00,99,2024-04-24 16:50:00,Полежаевская,Планерная,19,2024-04-24 17:09:40
487356,860,Беговая,2024-04-24 15:34:00,32,2024-04-24 16:06:20,53,2024-04-24 17:00:00,Выхино,Павелецкая ЗЛ,39,2024-04-24 17:39:00
487356,608,Беговая,2024-04-24 15:34:00,32,2024-04-24 16:06:20,53,2024-04-24 17:00:00,Выхино,Павелецкая ЗЛ,39,2024-04-24 17:39:00
489258,514,Арбатская АПЛ,2024-04-24 15:52:30,49,2024-04-24 16:41:30,18,2024-04-24 17:00:00,Бульвар Адмирала Ушакова,Севастопольская,31,2024-04-24 17:31:00
489258,1222,Арбатская АПЛ,2024-04-24 15:52:30,49,2024-04-24 16:41:30,18,2024-04-24 17:00:00,Бульвар Адмирала Ушакова,Севастопольская,31,2024-04-24 17:31:00
489258,177,Бауманская,2024-04-24 15:50:30,57,2024-04-24 16:47:30,12,2024-04-24 17:00:00,Бульвар Адмирала Ушакова,Севастопольская,31,2024-04-24 17:31:00
489258,182,Бауманская,2024-04-24 15:50:30,57,2024-04-24 16:47:30,12,2024-04-24 17:00:00,Бульвар Адмирала Ушакова,Севастопольская,31,2024-04-24 17:31:00
488935,736,Воробьёвы горы,2024-04-24 15:58:00,47,2024-04-24 16:45:30,14,2024-04-24 17:00:00,Лермонтовский проспект,Белорусская КЛ,0,2024-04-24 17:08:00
488935,960,Воробьёвы горы,2024-04-24 15:58:00,47,2024-04-24 16:45:30,14,2024-04-24 17:00:00,Лермонтовский проспект,Белорусская КЛ,0,2024-04-24 17:08:00
488935,1045,Крестьянская застава,2024-04-24 16:19:40,27,2024-04-24 16:46:40,13,2024-04-24 17:00:00,Лермонтовский проспект,Белорусская КЛ,0,2024-04-24 17:08:00
488935,1253,Крестьянская застава,2024-04-24 16:19:40,27,2024-04-24 16:46:40,13,2024-04-24 17:00:00,Лермонтовский проспект,Белорусская КЛ,0,2024-04-24 17:08:00
489361,133,Митино,2024-04-24 14:22:20,51,2024-04-24 15:13:40,106,2024-04-24 17:00:00,Курская КЛ,Арбатская АПЛ,18,2024-04-24 17:18:00
488235,1255,Алексеевская,2024-04-24 15:18:40,26,2024-04-24 15:45:00,75,2024-04-24 17:00:00,Тверская,Царицыно МЦД-2,54,2024-04-24 17:54:00
487686,192,Преображенская площадь,2024-04-24 15:25:00,9,2024-04-24 15:34:00,86,2024-04-24 17:00:00,Бульвар Рокоссовского,Ховрино,60,2024-04-24 18:00:00
489057,319,Солнцево,2024-04-24 15:47:00,36,2024-04-24 16:23:20,36,2024-04-24 17:00:00,Новые Черёмушки,Смоленская АПЛ,39,2024-04-24 17:39:10
489057,69,Солнцево,2024-04-24 15:47:00,36,2024-04-24 16:23:20,36,2024-04-24 17:00:00,Новые Черёмушки,Смоленская АПЛ,39,2024-04-24 17:39:10
489057,939,ВДНХ,2024-04-24 16:10:00,32,2024-04-24 16:42:20,17,2024-04-24 17:00:00,Новые Черёмушки,Смоленская АПЛ,39,2024-04-24 17:39:10
489057,418,ВДНХ,2024-04-24 16:10:00,32,2024-04-24 16:42:20,17,2024-04-24 17:00:00,Новые Черёмушки,Смоленская АПЛ,39,2024-04-24 17:39:10
488934,788,ВДНХ,2024-04-24 16:10:00,42,2024-04-24 16:52:40,7,2024-04-24 17:00:00,Лермонтовский проспект,Белорусская КЛ,44,2024-04-24 17:44:30
488934,342,ВДНХ,2024-04-24 16:10:00,42,2024-04-24 16:52:40,7,2024-04-24 17:00:00,Лермонтовский проспект,Белорусская КЛ,44,2024-04-24 17:44:30
488934,35,ВДНХ,2024-04-24 16:10:00,42,2024-04-24 16:52:40,7,2024-04-24 17:00:00,Лермонтовский проспект,Белорусская КЛ,44,2024-04-24 17:44:30
488934,1221,ВДНХ,2024-04-24 16:10:00,42,2024-04-24 16:52:40,7,2024-04-24 17:00:00,Лермонтовский проспект,Белорусская КЛ,44,2024-04-24 17:44:30
487887,406,БКЛ Кленовый бульвар,2024-04-24 15:18:30,54,2024-04-24 16:13:00,52,2024-04-24 17:05:00,МЦК Шелепиха,Ленинский проспект,29,2024-04-24 17:34:40
487863,15,Южная,2024-04-24 15:17:50,55,2024-04-24 16:13:20,51,2024-04-24 17:05:00,МЦК Шелепиха,Шоссе Энтузиастов,52,2024-04-24 17:57:10
488760,973,Красносельская,2024-04-24 15:37:20,34,2024-04-24 16:11:20,73,2024-04-24 17:25:00,БКЛ Шелепиха,Комсомольская КЛ,41,2024-04-24 18:06:00
489285,525,Охотный ряд,2024-04-24 16:18:00,19,2024-04-24 16:37:40,52,2024-04-24 17:30:00,Бауманская,Котельники,50,2024-04-24 18:20:30
489285,529,Охотный ряд,2024-04-24 16:18:00,19,2024-04-24 16:37:40,52,2024-04-24 17:30:00,Бауманская,Котельники,50,2024-04-24 18:20:30
488977,304,Сходненская,2024-04-24 16:36:50,0,2024-04-24 16:36:50,53,2024-04-24 17:30:00,Сходненская,Планерная,6,2024-04-24 17:36:50
489066,1171,Шипиловская,2024-04-24 15:11:50,45,2024-04-24 15:57:00,93,2024-04-24 17:30:00,Таганская ТКЛ,Пыхтино,73,2024-04-24 18:43:20
488879,437,ВДНХ,2024-04-24 16:10:00,34,2024-04-24 16:44:00,55,2024-04-24 17:39:00,Черкизовская,Юго-Восточная,58,2024-04-24 18:37:00
488879,695,ВДНХ,2024-04-24 16:10:00,34,2024-04-24 16:44:00,55,2024-04-24 17:39:00,Черкизовская,Юго-Восточная,58,2024-04-24 18:37:00
485000,296,ВДНХ,2024-04-24 16:10:00,46,2024-04-24 16:56:50,48,2024-04-24 17:45:00,Планерная,Павелецкая ЗЛ,42,2024-04-24 18:27:10
488983,642,Отрадное,2024-04-24 15:41:20,32,2024-04-24 16:13:40,91,2024-04-24 17:45:00,БКЛ Шелепиха,Алтуфьево,42,2024-04-24 18:27:20
488384,9,ВДНХ,2024-04-24 16:10:00,41,2024-04-24 16:51:50,53,2024-04-24 17:45:00,Нагорная,Чеховская,21,2024-04-24 18:06:00
488384,8,ВДНХ,2024-04-24 16:10:00,41,2024-04-24 16:51:50,53,2024-04-24 17:45:00,Нагорная,Чеховская,21,2024-04-24 18:06:00
488384,1208,ВДНХ,2024-04-24 16:10:00,41,2024-04-24 16:51:50,53,2024-04-24 17:45:00,Нагорная,Чеховская,21,2024-04-24 18:06:00
489300,1257,ВДНХ,2024-04-24 16:10:00,50,2024-04-24 17:00:40,49,2024-04-24 17:50:00,Юго-Восточная,Шаболовская,51,2024-04-24 18:41:10
487461,199,Свиблово,2024-04-24 15:57:00,5,2024-04-24 16:02:00,118,2024-04-24 18:00:00,Бабушкинская,Котельники,58,2024-04-24 18:58:10
484123,123,ВДНХ,2024-04-24 16:10:00,35,2024-04-24 16:45:30,74,2024-04-24 18:00:00,Студенческая,Сходненская,43,2024-04-24 18:43:20
484123,917,Щёлковская,2024-04-24 16:33:00,39,2024-04-24 17:12:50,47,2024-04-24 18:00:00,Студенческая,Сходненская,43,2024-04-24 18:43:20
484123,961,Щёлковская,2024-04-24 16:33:00,39,2024-04-24 17:12:50,47,2024-04-24 18:00:00,Студенческая,Сходненская,43,2024-04-24 18:43:20
489165,74,Серпуховская,2024-04-24 16:54:00,14,2024-04-24 17:08:10,51,2024-04-24 18:00:00,Менделеевская,Отрадное,25,2024-04-24 18:25:50
489165,208,Серпуховская,2024-04-24 16:54:00,14,2024-04-24 17:08:10,51,2024-04-24 18:00:00,Менделеевская,Отрадное,25,2024-04-24 18:25:50
489165,1249,Щёлковская,2024-04-24 16:33:00,39,2024-04-24 17:12:10,47,2024-04-24 18:00:00,Менделеевская,Отрадное,25,2024-04-24 18:25:50
489165,187,Алтуфьево,2024-04-24 16:48:00,29,2024-04-24 17:17:50,42,2024-04-24 18:00:00,Менделеевская,Отрадное,25,2024-04-24 18:25:50
488510,1202,Нахабино МЦД-2(П),2024-04-24 15:03:00,73,2024-04-24 16:16:00,104,2024-04-24 18:00:00,МЦК Шелепиха,Нижегородская МЦД-4,59,2024-04-24 18:59:10
488658,64,Тёплый стан,2024-04-24 16:39:00,41,2024-04-24 17:20:50,39,2024-04-24 18:00:00,Студенческая,Текстильщики,42,2024-04-24 18:42:00
488658,685,Тёплый стан,2024-04-24 16:39:00,41,2024-04-24 17:20:50,39,2024-04-24 18:00:00,Студенческая,Текстильщики,42,2024-04-24 18:42:00
488658,1218,Тёплый стан,2024-04-24 16:39:00,41,2024-04-24 17:20:50,39,2024-04-24 18:00:00,Студенческая,Текстильщики,42,2024-04-24 18:42:00
487917,24,Беляево,2024-04-24 16:00:00,53,2024-04-24 16:53:20,81,2024-04-24 18:15:00,Текстильщики МЦД-2,Полежаевская,50,2024-04-24 19:05:30
487964,11,Солнцево,2024-04-24 15:59:30,29,2024-04-24 16:28:30,106,2024-04-24 18:15:00,Проспект Вернадского,БКЛ Варшавская,26,2024-04-24 18:41:00
489482,148,БКЛ Новаторская,2024-04-24 17:22:20,17,2024-04-24 17:39:20,40,2024-04-24 18:20:00,Раменки,Краснопресненская,37,2024-04-24 18:57:00
489482,20,БКЛ Новаторская,2024-04-24 17:22:20,17,2024-04-24 17:39:20,40,2024-04-24 18:20:00,Раменки,Краснопресненская,37,2024-04-24 18:57:00
488411,269,Сходненская,2024-04-24 16:00:20,26,2024-04-24 16:27:10,122,2024-04-24 18:30:00,БКЛ Шелепиха,Волжская,60,2024-04-24 19:30:10
488599,298,Щёлковская,2024-04-24 15:58:12,19,2024-04-24 16:17:12,132,2024-04-24 18:30:00,Бауманская,Щёлковская,21,2024-04-24 18:51:00
488623,1253,Белорусская КЛ,2024-04-24 17:08:00,20,2024-04-24 17:28:40,61,2024-04-24 18:30:00,Китай город КРЛ,Беляево,27,2024-04-24 18:57:20
488623,1045,Белорусская КЛ,2024-04-24 17:08:00,20,2024-04-24 17:28:40,61,2024-04-24 18:30:00,Китай город КРЛ,Беляево,27,2024-04-24 18:57:20
488623,736,Белорусская КЛ,2024-04-24 17:08:00,20,2024-04-24 17:28:40,61,2024-04-24 18:30:00,Китай город КРЛ,Беляево,27,2024-04-24 18:57:20
488623,960,Белорусская КЛ,2024-04-24 17:08:00,20,2024-04-24 17:28:40,61,2024-04-24 18:30:00,Китай город КРЛ,Беляево,27,2024-04-24 18:57:20
488669,1254,Новослободская,2024-04-24 16:17:00,18,2024-04-24 16:35:00,115,2024-04-24 18:30:00,Алексеевская,Новокосино,41,2024-04-24 19:11:40
488978,304,Планерная,2024-04-24 17:36:50,0,2024-04-24 17:36:50,53,2024-04-24 18:30:00,Планерная,Сходненская,6,2024-04-24 18:36:50
489178,647,Зябликово,2024-04-24 16:32:20,9,2024-04-24 16:42:10,107,2024-04-24 18:30:00,Шипиловская,Зябликово,11,2024-04-24 18:41:50
489157,200,Алтуфьево,2024-04-24 16:48:00,42,2024-04-24 17:30:40,59,2024-04-24 18:30:00,Чистые пруды,Водный стадион,37,2024-04-24 19:07:10
489157,131,Алтуфьево,2024-04-24 16:48:00,42,2024-04-24 17:30:40,59,2024-04-24 18:30:00,Чистые пруды,Водный стадион,37,2024-04-24 19:07:10
489157,86,Алтуфьево,2024-04-24 16:48:00,42,2024-04-24 17:30:40,59,2024-04-24 18:30:00,Чистые пруды,Водный стадион,37,2024-04-24 19:07:10
489157,305,Новогиреево,2024-04-24 17:16:40,29,2024-04-24 17:46:20,43,2024-04-24 18:30:00,Чистые пруды,Водный стадион,37,2024-04-24 19:07:10
489220,18,Полежаевская,2024-04-24 16:18:30,0,2024-04-24 16:18:30,131,2024-04-24 18:30:00,Полежаевская,Пролетарская,22,2024-04-24 18:52:30
488859,1256,Полежаевская,2024-04-24 16:21:10,0,2024-04-24 16:21:10,143,2024-04-24 18:45:00,Полежаевская,ВДНХ,36,2024-04-24 19:21:10
489207,659,Новогиреево,2024-04-24 17:16:40,27,2024-04-24 17:43:40,61,2024-04-24 18:45:00,Автозаводская,ВДНХ,32,2024-04-24 19:17:20
489207,1064,Новогиреево,2024-04-24 17:16:40,27,2024-04-24 17:43:40,61,2024-04-24 18:45:00,Автозаводская,ВДНХ,32,2024-04-24 19:17:20
485823,23,Яхромская,2024-04-24 15:52:00,55,2024-04-24 16:47:30,127,2024-04-24 18:55:00,Рязанский проспект,ВДНХ,40,2024-04-24 19:35:40
488099,342,Белорусская КЛ,2024-04-24 17:44:30,5,2024-04-24 17:49:30,70,2024-04-24 19:00:00,Новослободская,БКЛ Мичуринский проспект,48,2024-04-24 19:48:40
488099,35,Белорусская КЛ,2024-04-24 17:44:30,5,2024-04-24 17:49:30,70,2024-04-24 19:00:00,Новослободская,БКЛ Мичуринский проспект,48,2024-04-24 19:48:40
488099,1221,Белорусская КЛ,2024-04-24 17:44:30,5,2024-04-24 17:49:30,70,2024-04-24 19:00:00,Новослободская,БКЛ Мичуринский проспект,48,2024-04-24 19:48:40
488099,788,Белорусская КЛ,2024-04-24 17:44:30,5,2024-04-24 17:49:30,70,2024-04-24 19:00:00,Новослободская,БКЛ Мичуринский проспект,48,2024-04-24 19:48:40
488180,991,МЦК Шелепиха,2024-04-24 16:35:30,0,2024-04-24 16:35:30,149,2024-04-24 19:05:00,МЦК Шелепиха,МЦК Новохохловская,32,2024-04-24 19:37:10
488260,1140,Улица Академика Янгеля,2024-04-24 17:08:00,19,2024-04-24 17:27:00,103,2024-04-24 19:10:00,Нагатинская,Сходненская,48,2024-04-24 19:58:20
488260,67,Улица Академика Янгеля,2024-04-24 17:08:00,19,2024-04-24 17:27:00,103,2024-04-24 19:10:00,Нагатинская,Сходненская,48,2024-04-24 19:58:20
488260,1216,Улица Академика Янгеля,2024-04-24 17:08:00,19,2024-04-24 17:27:00,103,2024-04-24 19:10:00,Нагатинская,Сходненская,48,2024-04-24 19:58:20
488260,21,Улица Академика Янгеля,2024-04-24 17:08:00,19,2024-04-24 17:27:00,103,2024-04-24 19:10:00,Нагатинская,Сходненская,48,2024-04-24 19:58:20
489171,514,Севастопольская,2024-04-24 17:31:00,16,2024-04-24 17:47:00,83,2024-04-24 19:10:00,Серпуховская,Цветной бульвар,14,2024-04-24 19:24:00
489171,182,Севастопольская,2024-04-24 17:31:00,16,2024-04-24 17:47:00,83,2024-04-24 19:10:00,Серпуховская,Цветной бульвар,14,2024-04-24 19:24:00
489305,683,Новогиреево,2024-04-24 17:16:40,20,2024-04-24 17:36:50,113,2024-04-24 19:30:00,Крестьянская застава,Печатники,19,2024-04-24 19:49:40
489305,939,Смоленская АПЛ,2024-04-24 17:39:10,20,2024-04-24 17:59:50,90,2024-04-24 19:30:00,Крестьянская застава,Печатники,19,2024-04-24 19:49:40
489305,319,Смоленская АПЛ,2024-04-24 17:39:10,20,2024-04-24 17:59:50,90,2024-04-24 19:30:00,Крестьянская застава,Печатники,19,2024-04-24 19:49:40
486447,608,Павелецкая ЗЛ,2024-04-24 17:39:00,16,2024-04-24 17:55:40,94,2024-04-24 19:30:00,Динамо,Домодедовская,41,2024-04-24 20:11:40
489190,418,Смоленская АПЛ,2024-04-24 17:39:10,35,2024-04-24 18:14:30,105,2024-04-24 20:00:00,Тушинская,Марьино,68,2024-04-24 21:08:50
489190,142,Старт,2024-04-24 20:00:00,0,2024-04-24 20:00:00,15,2024-04-24 20:00:00,Тушинская,Марьино,68,2024-04-24 21:08:50
489190,813,Старт,2024-04-24 20:00:00,0,2024-04-24 20:00:00,15,2024-04-24 20:00:00,Тушинская,Марьино,68,2024-04-24 21:08:50
487164,69,Смоленская АПЛ,2024-04-24 17:39:10,34,2024-04-24 18:13:10,106,2024-04-24 20:00:00,ВДНХ,Белорусская ЗЛ,33,2024-04-24 20:33:00
487164,177,Севастопольская,2024-04-24 17:31:00,45,2024-04-24 18:16:50,103,2024-04-24 20:00:00,ВДНХ,Белорусская ЗЛ,33,2024-04-24 20:33:00
487164,1222,Севастопольская,2024-04-24 17:31:00,45,2024-04-24 18:16:50,103,2024-04-24 20:00:00,ВДНХ,Белорусская ЗЛ,33,2024-04-24 20:33:00
487171,1208,Чеховская,2024-04-24 18:06:00,29,2024-04-24 18:35:00,85,2024-04-24 20:00:00,ВДНХ,Белорусская ЗЛ,33,2024-04-24 20:33:00
487171,9,Чеховская,2024-04-24 18:06:00,29,2024-04-24 18:35:00,85,2024-04-24 20:00:00,ВДНХ,Белорусская ЗЛ,33,2024-04-24 20:33:00
487171,8,Чеховская,2024-04-24 18:06:00,29,2024-04-24 18:35:00,85,2024-04-24 20:00:00,ВДНХ,Белорусская ЗЛ,33,2024-04-24 20:33:00
489049,296,Павелецкая ЗЛ,2024-04-24 18:27:10,25,2024-04-24 18:52:30,67,2024-04-24 20:00:00,ВДНХ,Белорусская ЗЛ,33,2024-04-24 20:33:00
489049,187,Отрадное,2024-04-24 18:25:50,36,2024-04-24 19:01:50,58,2024-04-24 20:00:00,ВДНХ,Белорусская ЗЛ,33,2024-04-24 20:33:00
489049,1249,Отрадное,2024-04-24 18:25:50,36,2024-04-24 19:01:50,58,2024-04-24 20:00:00,ВДНХ,Белорусская ЗЛ,33,2024-04-24 20:33:00
489049,208,Отрадное,2024-04-24 18:25:50,36,2024-04-24 19:01:50,58,2024-04-24 20:00:00,ВДНХ,Белорусская ЗЛ,33,2024-04-24 20:33:00
488780,85,Полежаевская,2024-04-24 16:22:30,14,2024-04-24 16:36:30,218,2024-04-24 20:15:00,БКЛ Шелепиха,Пражская,57,2024-04-24 21:12:00
484165,142,Старт,2024-04-24 20:00:00,0,2024-04-24 20:00:00,15,2024-04-24 20:20:00,Комсомольская СЛ,Новокосино,42,2024-04-24 21:02:30
478293,746,Улица 1905 года,2024-04-24 16:58:00,27,2024-04-24 17:25:10,174,2024-04-24 20:20:00,МЦК Шелепиха,Нижегородская МЦД-4,59,2024-04-24 21:19:10
489091,1254,Новокосино,2024-04-24 19:11:40,39,2024-04-24 19:51:20,38,2024-04-24 20:30:00,ВДНХ,Волжская,51,2024-04-24 21:21:30
489082,965,Старт,2024-04-24 20:00:00,0,2024-04-24 20:00:00,15,2024-04-24 20:30:00,ВДНХ,Чертановская,53,2024-04-24 21:23:50
489080,965,Старт,2024-04-24 20:00:00,0,2024-04-24 20:00:00,15,2024-04-24 20:30:00,ВДНХ,Бульвар Дмитрия Донского,65,2024-04-24 21:35:50
489073,965,Старт,2024-04-24 20:00:00,0,2024-04-24 20:00:00,15,2024-04-24 20:30:00,ВДНХ,Отрадное,42,2024-04-24 21:12:00
489102,965,Старт,2024-04-24 20:00:00,0,2024-04-24 20:00:00,15,2024-04-24 20:30:00,ВДНХ,Щёлковская,51,2024-04-24 21:21:00
489071,965,Старт,2024-04-24 20:00:00,0,2024-04-24 20:00:00,15,2024-04-24 20:30:00,ВДНХ,Селигерская,46,2024-04-24 21:16:30
489096,965,Старт,2024-04-24 20:00:00,0,2024-04-24 20:00:00,15,2024-04-24 20:30:00,ВДНХ,Щёлковская,51,2024-04-24 21:21:00
489093,236,Павелецкая ЗЛ,2024-04-24 16:23:00,25,2024-04-24 16:48:20,221,2024-04-24 20:30:00,ВДНХ,Пролетарская,28,2024-04-24 20:58:40
489277,246,ВДНХ,2024-04-24 16:50:50,43,2024-04-24 17:34:00,176,2024-04-24 20:30:00,МЦК Шелепиха,Студенческая,25,2024-04-24 20:55:30
489086,965,Старт,2024-04-24 20:00:00,0,2024-04-24 20:00:00,15,2024-04-24 20:30:00,ВДНХ,Нахимовский проспект,49,2024-04-24 21:19:50
489084,965,Старт,2024-04-24 20:00:00,0,2024-04-24 20:00:00,15,2024-04-24 20:30:00,ВДНХ,Чертановская,53,2024-04-24 21:23:50
487634,965,Старт,2024-04-24 20:00:00,0,2024-04-24 20:00:00,15,2024-04-24 20:35:30,Павелецкая ЗЛ,Кузьминки,34,2024-04-24 21:09:30
489030,965,Старт,2024-04-24 20:00:00,0,2024-04-24 20:00:00,15,2024-04-24 20:40:00,МЦК Шелепиха,Маяковская,38,2024-04-24 21:18:00
489389,965,Старт,2024-04-24 20:00:00,0,2024-04-24 20:00:00,15,2024-04-24 21:00:00,Улица 1905 года,Физтех,58,2024-04-24 21:58:00
489077,142,Старт,2024-04-24 20:00:00,0,2024-04-24 20:00:00,15,2024-04-24 21:10:31,Щёлковская,Улица Академика Янгеля,63,2024-04-24 22:13:31
489077,813,Старт,2024-04-24 20:00:00,0,2024-04-24 20:00:00,15,2024-04-24 21:10:31,Щёлковская,Улица Академика Янгеля,63,2024-04-24 22:13:31
489077,227,Старт,2024-04-24 20:00:00,0,2024-04-24 20:00:00,15,2024-04-24 21:10:31,Щёлковская,Улица Академика Янгеля,63,2024-04-24 22:13:31
489377,142,Старт,2024-04-24 20:00:00,0,2024-04-24 20:00:00,15,2024-04-24 21:30:00,Коломенская,Аэропорт Внуково,66,2024-04-24 22:36:00
489377,813,Старт,2024-04-24 20:00:00,0,2024-04-24 20:00:00,15,2024-04-24 21:30:00,Коломенская,Аэропорт Внуково,66,2024-04-24 22:36:00
489377,227,Старт,2024-04-24 20:00:00,0,2024-04-24 20:00:00,15,2024-04-24 21:30:00,Коломенская,Аэропорт Внуково,66,2024-04-24 22:36:00
488743,142,Старт,2024-04-24 20:00:00,0,2024-04-24 20:00:00,15,2024-04-24 21:30:00,Китай-город ТКЛ,Печатники,32,2024-04-24 22:02:40
488743,813,Старт,2024-04-24 20:00:00,0,2024-04-24 20:00:00,15,2024-04-24 21:30:00,Китай-город ТКЛ,Печатники,32,2024-04-24 22:02:40
488743,227,Старт,2024-04-24 20:00:00,0,2024-04-24 20:00:00,15,2024-04-24 21:30:00,Китай-город ТКЛ,Печатники,32,2024-04-24 22:02:40
488743,231,Старт,2024-04-24 20:00:00,0,2024-04-24 20:00:00,15,2024-04-24 21:30:00,Китай-город ТКЛ,Печатники,32,2024-04-24 22:02:40
488849,965,Старт,2024-04-24 20:00:00,0,2024-04-24 20:00:00,15,2024-04-24 21:40:00,Арбатская АПЛ,Бульвар Рокоссовского,35,2024-04-24 22:15:40
489035,965,Старт,2024-04-24 20:00:00,0,2024-04-24 20:00:00,15,2024-04-24 21:40:00,Маяковская,Студенческая,29,2024-04-24 22:09:20
489231,142,Старт,2024-04-24 20:00:00,0,2024-04-24 20:00:00,15,2024-04-24 21:53:09,Комсомольская КЛ,Кропоткинская,25,2024-04-24 22:18:19
489231,813,Старт,2024-04-24 20:00:00,0,2024-04-24 20:00:00,15,2024-04-24 21:53:09,Комсомольская КЛ,Кропоткинская,25,2024-04-24 22:18:19
488936,142,Старт,2024-04-24 20:00:00,0,2024-04-24 20:00:00,15,2024-04-24 22:00:00,Белорусская КЛ,Лермонтовский проспект,44,2024-04-24 22:44:30
488936,813,Старт,2024-04-24 20:00:00,0,2024-04-24 20:00:00,15,2024-04-24 22:00:00,Белорусская КЛ,Лермонтовский проспект,44,2024-04-24 22:44:30
488936,227,Старт,2024-04-24 20:00:00,0,2024-04-24 20:00:00,15,2024-04-24 22:00:00,Белорусская КЛ,Лермонтовский проспект,44,2024-04-24 22:44:30
488936,231,Старт,2024-04-24 20:00:00,0,2024-04-24 20:00:00,15,2024-04-24 22:00:00,Белорусская КЛ,Лермонтовский проспект,44,2024-04-24 22:44:30
488937,142,Старт,2024-04-24 20:00:00,0,2024-04-24 20:00:00,15,2024-04-24 22:00:00,Белорусская ЗЛ,Лермонтовский проспект,42,2024-04-24 22:42:40
488937,813,Старт,2024-04-24 20:00:00,0,2024-04-24 20:00:00,15,2024-04-24 22:00:00,Белорусская ЗЛ,Лермонтовский проспект,42,2024-04-24 22:42:40
488937,227,Старт,2024-04-24 20:00:00,0,2024-04-24 20:00:00,15,2024-04-24 22:00:00,Белорусская ЗЛ,Лермонтовский проспект,42,2024-04-24 22:42:40
488937,231,Старт,2024-04-24 20:00:00,0,2024-04-24 20:00:00,15,2024-04-24 22:00:00,Белорусская ЗЛ,Лермонтовский проспект,42,2024-04-24 22:42:40
489117,965,Старт,2024-04-24 20:00:00,0,2024-04-24 20:00:00,15,2024-04-24 22:00:00,Автозаводская,Царицыно,20,2024-04-24 22:20:00
487918,965,Старт,2024-04-24 20:00:00,0,2024-04-24 20:00:00,15,2024-04-24 22:10:00,Полежаевская,Текстильщики МЦД-2,50,2024-04-24 23:00:30
489489,160,Парк культуры СЛ,2024-04-24 07:49:40,19,2024-04-24 08:08:40,911,2024-04-24 23:20:00,Белорусская КЛ,Новокосино,42,2024-04-25 00:02:20
489489,850,МЦК Стрешнево,2024-04-24 07:43:30,39,2024-04-24 08:23:20,896,2024-04-24 23:20:00,Белорусская КЛ,Новокосино,42,2024-04-25 00:02:20
